@rails/webpacker,3.2.2,MIT,https://github.com/rails/webpacker
@types/node,9.4.0,MIT,Unknown
JSONStream,1.3.2,(MIT OR Apache-2.0),http://github.com/dominictarr/JSONStream
abbrev,1.0.9,ISC,Unknown
abbrev,1.1.1,ISC,Unknown
accepts,1.3.3,MIT,Unknown
accepts,1.3.4,MIT,Unknown
acorn,3.3.0,MIT,https://github.com/ternjs/acorn
acorn,4.0.13,MIT,https://github.com/ternjs/acorn
acorn,5.4.1,MIT,https://github.com/acornjs/acorn
acorn-dynamic-import,2.0.2,MIT,https://github.com/kesne/acorn-dynamic-import
acorn-jsx,3.0.1,MIT,https://github.com/RReverser/acorn-jsx
actioncable,5.1.6,MIT,http://rubyonrails.org
actionmailer,5.1.6,MIT,http://rubyonrails.org
actionpack,5.1.6,MIT,http://rubyonrails.org
actionview,5.1.6,MIT,http://rubyonrails.org
activejob,5.1.6,MIT,http://rubyonrails.org
activemodel,5.1.6,MIT,http://rubyonrails.org
activerecord,5.1.6,MIT,http://rubyonrails.org
activesupport,5.1.6,MIT,http://rubyonrails.org
addressable,2.5.2,Apache 2.0,https://github.com/sporkmonger/addressable
adjust-sourcemap-loader,1.1.0,MIT,https://github.com/bholloway/adjust-sourcemap-loader
after,0.8.2,MIT,Unknown
ajv,4.11.8,MIT,https://github.com/epoberezkin/ajv
ajv,5.5.2,MIT,https://github.com/epoberezkin/ajv
ajv,6.1.1,MIT,https://github.com/epoberezkin/ajv
ajv-keywords,1.5.1,MIT,https://github.com/epoberezkin/ajv-keywords#readme
ajv-keywords,2.1.1,MIT,https://github.com/epoberezkin/ajv-keywords#readme
ajv-keywords,3.1.0,MIT,https://github.com/epoberezkin/ajv-keywords#readme
align-text,0.1.4,MIT,https://github.com/jonschlinkert/align-text
alphanum-sort,1.0.2,MIT,https://github.com/TrySound/alphanum-sort
amdefine,1.0.1,BSD-3-Clause OR MIT,http://github.com/jrburke/amdefine
anchorate,1.1.0,ISC,Unknown
ansi-align,2.0.0,ISC,https://github.com/nexdrew/ansi-align#readme
ansi-escapes,1.4.0,MIT,sindresorhus.com
ansi-escapes,3.0.0,MIT,sindresorhus.com
ansi-html,0.0.7,Apache 2.0,https://github.com/Tjatse/ansi-html
ansi-regex,2.1.1,MIT,sindresorhus.com
ansi-regex,3.0.0,MIT,sindresorhus.com
ansi-styles,2.2.1,MIT,sindresorhus.com
ansi-styles,3.2.0,MIT,sindresorhus.com
ansicolors,0.3.2,MIT,thlorenz.com
ansistyles,0.1.3,MIT,thlorenz.com
any-promise,0.1.0,MIT,http://github.com/kevinbeaty/any-promise
anymatch,1.3.2,ISC,https://github.com/es128/anymatch
anymatch,2.0.0,ISC,https://github.com/micromatch/anymatch
aproba,1.1.2,ISC,https://github.com/iarna/aproba
aproba,1.2.0,ISC,https://github.com/iarna/aproba
archive-zip,0.7.0,MIT,http://github.com/javanthropus/archive-zip
archy,1.0.0,MIT,http://substack.net
are-we-there-yet,1.1.4,ISC,https://github.com/iarna/are-we-there-yet
arel,8.0.0,MIT,https://github.com/rails/arel
argparse,1.0.9,MIT,Unknown
aria-query,0.7.1,Apache 2.0,https://github.com/A11yance/aria-query#readme
arr-diff,2.0.0,MIT,https://github.com/jonschlinkert/arr-diff
arr-diff,4.0.0,MIT,https://github.com/jonschlinkert/arr-diff
arr-flatten,1.1.0,MIT,https://github.com/jonschlinkert/arr-flatten
arr-union,3.1.0,MIT,https://github.com/jonschlinkert/arr-union
array-filter,0.0.1,MIT,https://github.com/juliangruber/array-filter
array-find-index,1.0.2,MIT,sindresorhus.com
array-flatten,1.1.1,MIT,https://github.com/blakeembrey/array-flatten
array-flatten,2.1.1,MIT,https://github.com/blakeembrey/array-flatten
array-includes,3.0.3,MIT,http://ljharb.codes
array-map,0.0.0,MIT,https://github.com/substack/array-map
array-reduce,0.0.0,MIT,https://github.com/substack/array-reduce
array-slice,0.2.3,MIT,https://github.com/jonschlinkert/array-slice
array-union,1.0.2,MIT,sindresorhus.com
array-uniq,1.0.3,MIT,sindresorhus.com
array-unique,0.2.1,MIT,https://github.com/jonschlinkert/array-unique
array-unique,0.3.2,MIT,https://github.com/jonschlinkert/array-unique
array.prototype.find,2.0.4,MIT,Unknown
arraybuffer.slice,0.0.6,MIT,https://github.com/rase-/arraybuffer.slice
arrify,1.0.1,MIT,sindresorhus.com
asap,2.0.6,MIT,Unknown
asn1,0.2.3,MIT,Unknown
asn1.js,4.9.2,MIT,https://github.com/indutny/asn1.js
assert,1.4.1,MIT,https://github.com/defunctzombie/commonjs-assert
assert-plus,0.2.0,MIT,Unknown
assert-plus,1.0.0,MIT,Unknown
assign-symbols,1.0.0,MIT,https://github.com/jonschlinkert/assign-symbols
ast,2.3.0,MIT,https://whitequark.github.io/ast/
ast-types-flow,0.0.7,ISC,https://github.com/kyldvs/ast-types-flow#readme
astrolabe,1.3.1,MIT,https://github.com/yujinakayama/astrolabe
async,0.2.10,MIT,Unknown
async,0.9.2,MIT,Unknown
async,1.5.2,MIT,Unknown
async,2.6.0,MIT,https://caolan.github.io/async/
async-each,1.0.1,MIT,https://github.com/paulmillr/async-each/
async-foreach,0.1.3,MIT*,http://github.com/cowboy/javascript-sync-async-foreach
asynckit,0.4.0,MIT,https://github.com/alexindigo/asynckit#readme
atob,1.1.3,(MIT OR Apache-2.0),https://github.com/coolaj86/node-browser-compat
atob,2.0.3,(MIT OR Apache-2.0),https://github.com/coolaj86/node-browser-compat
autoprefixer,6.7.7,MIT,Unknown
autoprefixer,7.2.5,MIT,Unknown
autoprefixer,7.2.6,MIT,Unknown
autoprefixer-rails,6.7.7.2,MIT,https://github.com/ai/autoprefixer-rails
awesome_print,1.8.0,MIT,https://github.com/awesome-print/awesome_print
aws-sign2,0.6.0,Apache 2.0,http://www.futurealoof.com
aws-sign2,0.7.0,Apache 2.0,http://www.futurealoof.com
aws4,1.6.0,MIT,http://github.com/mhart
axobject-query,0.1.0,Apache 2.0,https://github.com/A11yance/axobject-query#readme
babel-code-frame,6.26.0,MIT,https://babeljs.io/
babel-core,6.26.0,MIT,https://babeljs.io/
babel-eslint,7.2.3,MIT,https://github.com/babel/babel-eslint
babel-generator,6.26.1,MIT,https://babeljs.io/
babel-helper-builder-binary-assignment-operator-visitor,6.24.1,MIT,Unknown
babel-helper-builder-react-jsx,6.26.0,MIT,Unknown
babel-helper-call-delegate,6.24.1,MIT,Unknown
babel-helper-define-map,6.26.0,MIT,Unknown
babel-helper-explode-assignable-expression,6.24.1,MIT,Unknown
babel-helper-function-name,6.24.1,MIT,Unknown
babel-helper-get-function-arity,6.24.1,MIT,Unknown
babel-helper-hoist-variables,6.24.1,MIT,Unknown
babel-helper-optimise-call-expression,6.24.1,MIT,Unknown
babel-helper-regex,6.26.0,MIT,Unknown
babel-helper-remap-async-to-generator,6.24.1,MIT,Unknown
babel-helper-replace-supers,6.24.1,MIT,Unknown
babel-helpers,6.24.1,MIT,https://babeljs.io/
babel-loader,7.1.2,MIT,https://github.com/babel/babel-loader
babel-messages,6.23.0,MIT,https://babeljs.io/
babel-plugin-check-es2015-constants,6.22.0,MIT,Unknown
babel-plugin-syntax-async-functions,6.13.0,MIT,Unknown
babel-plugin-syntax-class-properties,6.13.0,MIT,Unknown
babel-plugin-syntax-dynamic-import,6.18.0,MIT,Unknown
babel-plugin-syntax-exponentiation-operator,6.13.0,MIT,Unknown
babel-plugin-syntax-flow,6.18.0,MIT,Unknown
babel-plugin-syntax-jsx,6.18.0,MIT,Unknown
babel-plugin-syntax-object-rest-spread,6.13.0,MIT,Unknown
babel-plugin-syntax-trailing-function-commas,6.22.0,MIT,Unknown
babel-plugin-transform-async-to-generator,6.24.1,MIT,Unknown
babel-plugin-transform-class-properties,6.24.1,MIT,Unknown
babel-plugin-transform-es2015-arrow-functions,6.22.0,MIT,Unknown
babel-plugin-transform-es2015-block-scoped-functions,6.22.0,MIT,Unknown
babel-plugin-transform-es2015-block-scoping,6.26.0,MIT,Unknown
babel-plugin-transform-es2015-classes,6.24.1,MIT,Unknown
babel-plugin-transform-es2015-computed-properties,6.24.1,MIT,Unknown
babel-plugin-transform-es2015-destructuring,6.23.0,MIT,Unknown
babel-plugin-transform-es2015-duplicate-keys,6.24.1,MIT,Unknown
babel-plugin-transform-es2015-for-of,6.23.0,MIT,Unknown
babel-plugin-transform-es2015-function-name,6.24.1,MIT,Unknown
babel-plugin-transform-es2015-literals,6.22.0,MIT,Unknown
babel-plugin-transform-es2015-modules-amd,6.24.1,MIT,Unknown
babel-plugin-transform-es2015-modules-commonjs,6.26.0,MIT,Unknown
babel-plugin-transform-es2015-modules-systemjs,6.24.1,MIT,Unknown
babel-plugin-transform-es2015-modules-umd,6.24.1,MIT,Unknown
babel-plugin-transform-es2015-object-super,6.24.1,MIT,Unknown
babel-plugin-transform-es2015-parameters,6.24.1,MIT,Unknown
babel-plugin-transform-es2015-shorthand-properties,6.24.1,MIT,Unknown
babel-plugin-transform-es2015-spread,6.22.0,MIT,Unknown
babel-plugin-transform-es2015-sticky-regex,6.24.1,MIT,Unknown
babel-plugin-transform-es2015-template-literals,6.22.0,MIT,Unknown
babel-plugin-transform-es2015-typeof-symbol,6.23.0,MIT,Unknown
babel-plugin-transform-es2015-unicode-regex,6.24.1,MIT,Unknown
babel-plugin-transform-exponentiation-operator,6.24.1,MIT,Unknown
babel-plugin-transform-flow-strip-types,6.22.0,MIT,Unknown
babel-plugin-transform-object-rest-spread,6.26.0,MIT,Unknown
babel-plugin-transform-react-display-name,6.25.0,MIT,Unknown
babel-plugin-transform-react-jsx,6.24.1,MIT,Unknown
babel-plugin-transform-react-jsx-self,6.22.0,MIT,Unknown
babel-plugin-transform-react-jsx-source,6.22.0,MIT,Unknown
babel-plugin-transform-regenerator,6.26.0,MIT,https://github.com/babel/babel/tree/master/packages/babel-plugin-transform-regenerator
babel-plugin-transform-strict-mode,6.24.1,MIT,Unknown
babel-polyfill,6.26.0,MIT,https://babeljs.io/
babel-preset-env,1.6.1,MIT,https://babeljs.io/
babel-preset-es2015,6.24.1,MIT,https://babeljs.io/
babel-preset-es2016,6.24.1,MIT,https://babeljs.io/
babel-preset-es2017,6.24.1,MIT,https://babeljs.io/
babel-preset-flow,6.23.0,MIT,Unknown
babel-preset-latest,6.24.1,MIT,https://babeljs.io/
babel-preset-react,6.24.1,MIT,https://babeljs.io/
babel-register,6.26.0,MIT,Unknown
babel-runtime,6.26.0,MIT,Unknown
babel-source,5.8.35,MIT,https://github.com/babel/ruby-babel-transpiler
babel-template,6.26.0,MIT,https://babeljs.io/
babel-transpiler,0.7.0,MIT,https://github.com/babel/ruby-babel-transpiler
babel-traverse,6.26.0,MIT,https://babeljs.io/
babel-types,6.26.0,MIT,https://babeljs.io/
babylon,6.18.0,MIT,https://babeljs.io/
backo2,1.0.2,MIT,Unknown
balanced-match,0.1.0,MIT,https://github.com/juliangruber/balanced-match
balanced-match,0.2.1,MIT,https://github.com/juliangruber/balanced-match
balanced-match,0.4.2,MIT,https://github.com/juliangruber/balanced-match
balanced-match,1.0.0,MIT,https://github.com/juliangruber/balanced-match
base,0.11.2,MIT,https://github.com/node-base/base
base64-arraybuffer,0.1.5,MIT,https://github.com/niklasvh/base64-arraybuffer
base64-js,1.2.1,MIT,https://github.com/beatgammit/base64-js
base64id,1.0.0,MIT,Unknown
batch,0.5.0,MIT,Unknown
batch,0.6.1,MIT,Unknown
bcrypt-pbkdf,1.0.1,New BSD,Unknown
better-assert,1.0.2,MIT,Unknown
big.js,3.2.0,MIT,Unknown
binary-extensions,1.11.0,MIT,sindresorhus.com
bindex,0.5.0,MIT,https://github.com/gsamokovarov/bindex
blob,0.0.4,MIT*,https://github.com/rase-/blob
block-stream,0.0.9,ISC,http://blog.izs.me/
bluebird,3.5.1,MIT,https://github.com/petkaantonov/bluebird
bn.js,4.11.8,MIT,https://github.com/indutny/bn.js
body-parser,1.18.2,MIT,Unknown
bonjour,3.5.0,MIT,https://github.com/watson/bonjour
boolbase,1.0.0,ISC,https://github.com/fb55/boolbase
boom,2.10.1,New BSD,Unknown
boom,4.3.1,New BSD,Unknown
boom,5.2.0,New BSD,Unknown
bootstrap,3.3.7,MIT,http://getbootstrap.com/
bootstrap,4.0.0.alpha6,MIT,https://github.com/twbs/bootstrap-rubygem
bootstrap-sass,3.3.7,MIT,https://github.com/twbs/bootstrap-sass
boxen,1.3.0,MIT,sindresorhus.com
brace-expansion,1.1.11,MIT,https://github.com/juliangruber/brace-expansion
braces,0.1.5,MIT,https://github.com/jonschlinkert/braces
braces,1.8.5,MIT,https://github.com/jonschlinkert/braces
braces,2.3.0,MIT,https://github.com/micromatch/braces
brorand,1.1.0,MIT,https://github.com/indutny/brorand
browserify-aes,1.1.1,MIT,https://github.com/crypto-browserify/browserify-aes
browserify-cipher,1.0.0,MIT,Unknown
browserify-des,1.0.0,MIT,https://github.com/crypto-browserify/browserify-des#readme
browserify-rsa,4.0.1,MIT,Unknown
browserify-sign,4.0.4,ISC,Unknown
browserify-zlib,0.2.0,MIT,https://github.com/devongovett/browserify-zlib
browserslist,1.7.7,MIT,Unknown
browserslist,2.11.3,MIT,Unknown
buffer,4.9.1,MIT,https://github.com/feross/buffer
buffer-crc32,0.2.1,MIT*,https://github.com/brianloveswords/buffer-crc32
buffer-indexof,1.1.1,MIT,Unknown
buffer-xor,1.0.3,MIT,https://github.com/crypto-browserify/buffer-xor
builder,3.2.3,MIT,http://onestepback.org
builtin-modules,1.1.1,MIT,sindresorhus.com
builtin-status-codes,3.0.0,MIT,bendrucker.me
builtins,1.0.3,MIT,Unknown
bundler,1.16.1,MIT,http://bundler.io
byebug,9.0.6,Simplified BSD,http://github.com/deivid-rodriguez/byebug
bytes,0.2.1,MIT,http://tjholowaychuk.com
bytes,3.0.0,MIT,http://tjholowaychuk.com
cacache,10.0.4,ISC,Unknown
cache-base,1.0.1,MIT,https://github.com/jonschlinkert/cache-base
call-limit,1.1.0,ISC,https://npmjs.com/packages/call-limit
caller-path,0.1.0,MIT,http://sindresorhus.com
callsite,1.0.0,MIT*,Unknown
callsites,0.2.0,MIT,http://sindresorhus.com
camelcase,1.2.1,MIT,http://sindresorhus.com
camelcase,2.1.1,MIT,http://sindresorhus.com
camelcase,3.0.0,MIT,http://sindresorhus.com
camelcase,4.1.0,MIT,sindresorhus.com
camelcase-keys,2.1.0,MIT,http://sindresorhus.com
caniuse-api,1.6.1,MIT,Unknown
caniuse-api,2.0.0,MIT,Unknown
caniuse-db,1.0.30000802,CC-BY-4.0,Unknown
caniuse-lite,1.0.30000792,CC-BY-4.0,http://beneb.info
caniuse-lite,1.0.30000810,CC-BY-4.0,http://beneb.info
capture-stack-trace,1.0.0,MIT,github.com/floatdrop
capybara,2.17.0,MIT,https://github.com/teamcapybara/capybara
case-sensitive-paths-webpack-plugin,2.1.1,MIT,https://github.com/Urthen/case-sensitive-paths-webpack-plugin#readme
caseless,0.11.0,Apache 2.0,Unknown
caseless,0.12.0,Apache 2.0,Unknown
center-align,0.1.3,MIT,https://github.com/jonschlinkert/center-align
chain-function,1.0.0,MIT,https://github.com/jquense/chain-function#readme
chalk,1.1.3,MIT,Unknown
chalk,2.3.0,MIT,Unknown
chalk,2.3.1,MIT,Unknown
change-emitter,0.1.6,MIT,https://github.com/acdlite/change-emitter#readme
chardet,0.4.2,MIT,https://github.com/runk/node-chardet
cheerio,1.0.0-rc.2,MIT,mat.io
childprocess,0.7.1,MIT,http://github.com/enkessler/childprocess
chokidar,1.7.0,MIT,https://github.com/paulmillr/chokidar
chokidar,2.0.0,MIT,https://github.com/paulmillr/chokidar
chownr,1.0.1,ISC,http://blog.izs.me/
chromedriver-helper,1.1.0,MIT,https://github.com/flavorjones/chromedriver-helper
cipher-base,1.0.4,MIT,https://github.com/crypto-browserify/cipher-base#readme
circular-json,0.3.3,MIT,https://github.com/WebReflection/circular-json
clap,1.2.3,MIT,https://github.com/lahmatiy/clap
class-utils,0.3.6,MIT,https://github.com/jonschlinkert/class-utils
classnames,2.2.5,MIT,Unknown
cleave.js,1.1.1,Apache 2.0,https://github.com/nosir/cleave.js
cli-boxes,1.0.0,MIT,sindresorhus.com
cli-cursor,1.0.2,MIT,sindresorhus.com
cli-cursor,2.1.0,MIT,sindresorhus.com
cli-width,2.2.0,ISC,https://github.com/knownasilya/cli-width
cliui,2.1.0,ISC,Unknown
cliui,3.2.0,ISC,Unknown
cliver,0.3.2,MIT,https://www.github.com/yaauie/cliver
clone,1.0.3,MIT,http://paul.vorba.ch/
clone-deep,0.3.0,MIT,https://github.com/jonschlinkert/clone-deep
cmd-shim,2.0.2,Simplified BSD,Unknown
co,4.6.0,MIT,Unknown
coa,1.0.4,MIT,http://github.com/veged/coa
code-point-at,1.1.0,MIT,sindresorhus.com
codeclimate-test-reporter,1.0.8,MIT,https://github.com/codeclimate/ruby-test-reporter
coffee-loader,0.7.3,MIT,Unknown
coffee-script,1.12.7,MIT,http://coffeescript.org/
collection-visit,1.0.0,MIT,https://github.com/jonschlinkert/collection-visit
color,0.10.1,MIT,Unknown
color,0.11.4,MIT,Unknown
color,1.0.3,MIT,Unknown
color,2.0.1,MIT,Unknown
color-convert,0.5.3,MIT,Unknown
color-convert,1.9.1,MIT,Unknown
color-name,1.1.3,MIT,https://github.com/dfcreative/color-name
color-string,0.3.0,MIT,Unknown
color-string,1.5.2,MIT,Unknown
colormin,1.1.2,MIT,https://github.com/ben-eb/colormin
colors,0.5.1,Unknown,Unknown
colors,0.6.2,Unknown,https://github.com/Marak/colors.js
colors,1.1.2,MIT,https://github.com/Marak/colors.js
columnify,1.5.4,MIT,https://github.com/timoxley/columnify
combine-lists,1.0.1,MIT,https://github.com/sjelin/combine-lists#readme
combined-stream,1.0.5,MIT,https://github.com/felixge/node-combined-stream
commander,1.2.0,MIT,Unknown
commander,1.3.2,MIT,Unknown
commander,2.13.0,MIT,Unknown
commander,2.9.0,MIT,Unknown
commondir,1.0.1,MIT,http://substack.net
component-bind,1.0.0,MIT*,Unknown
component-emitter,1.1.2,MIT*,Unknown
component-emitter,1.2.1,MIT,Unknown
component-inherit,0.0.3,MIT*,Unknown
compressible,2.0.12,MIT,Unknown
compression,1.7.1,MIT,Unknown
compression-webpack-plugin,0.4.0,MIT,http://github.com/webpack/compression-webpack-plugin
compression-webpack-plugin,1.1.8,MIT,https://webpack.js.org/plugins/compression-webpack-plugin/
concat-map,0.0.1,MIT,http://substack.net
concat-stream,1.6.0,MIT,Unknown
concurrent-ruby,1.0.5,MIT,http://www.concurrent-ruby.com
config-chain,1.1.11,MIT,http://github.com/dominictarr/config-chain
configstore,3.1.1,Simplified BSD,sindresorhus.com
connect,2.12.0,MIT,http://tjholowaychuk.com
connect,3.6.5,MIT,http://tjholowaychuk.com
connect-history-api-fallback,1.5.0,MIT,http://bripkens.de
connection_pool,2.2.1,MIT,https://github.com/mperham/connection_pool
console-browserify,1.1.0,MIT,https://github.com/Raynos/console-browserify
console-control-strings,1.1.0,ISC,http://re-becca.org/
consolidated-events,1.1.1,MIT,https://github.com/lencioni/consolidated-events#readme
constants-browserify,1.0.0,MIT,https://github.com/juliangruber/constants-browserify
contains-path,0.1.0,MIT,https://github.com/jonschlinkert/contains-path
content-disposition,0.5.2,MIT,Unknown
content-type,1.0.4,MIT,Unknown
convert-source-map,0.3.5,MIT,https://github.com/thlorenz/convert-source-map
convert-source-map,1.5.1,MIT,https://github.com/thlorenz/convert-source-map
cookie,0.1.0,MIT,Unknown
cookie,0.3.1,MIT,Unknown
cookie-signature,1.0.1,MIT,Unknown
cookie-signature,1.0.6,MIT,Unknown
copy-concurrently,1.0.5,ISC,https://www.npmjs.com/package/copy-concurrently
copy-descriptor,0.1.1,MIT,https://github.com/jonschlinkert/copy-descriptor
copyfiles,1.2.0,ISC,Unknown
core-js,1.2.7,MIT,Unknown
core-js,2.5.3,MIT,Unknown
core-util-is,1.0.2,MIT,http://blog.izs.me/
cosmiconfig,2.2.2,MIT,https://github.com/davidtheclark/cosmiconfig#readme
crack,0.4.3,MIT,http://github.com/jnunemaker/crack
crass,1.0.3,MIT,https://github.com/rgrove/crass/
create-ecdh,4.0.0,MIT,https://github.com/crypto-browserify/createECDH
create-error-class,3.0.2,MIT,github.com/floatdrop
create-hash,1.1.3,MIT,https://github.com/crypto-browserify/createHash
create-hmac,1.1.6,MIT,https://github.com/crypto-browserify/createHmac
create-react-class,15.6.3,MIT,https://facebook.github.io/react/
cross-spawn,3.0.1,MIT,http://indigounited.com
cross-spawn,5.1.0,MIT,http://indigounited.com
cryptiles,2.0.5,New BSD,Unknown
cryptiles,3.1.2,New BSD,Unknown
crypto-browserify,3.12.0,MIT,https://github.com/crypto-browserify/crypto-browserify
crypto-random-string,1.0.0,MIT,sindresorhus.com
css,2.2.1,MIT,Unknown
css-color-function,1.3.3,MIT,Unknown
css-color-names,0.0.4,MIT,http://www.daveeddy.com
css-loader,0.28.10,MIT,https://github.com/webpack-contrib/css-loader
css-select,1.2.0,Simplified BSD,Unknown
css-selector-tokenizer,0.7.0,MIT,https://github.com/css-modules/css-selector-tokenizer
css-unit-converter,1.1.1,MIT,https://github.com/andyjansson/css-unit-converter
css-what,2.1.0,Simplified BSD,http://feedic.com
css.escape,1.5.1,MIT,https://mths.be/cssescape
cssesc,0.1.0,MIT,http://mths.be/cssesc
cssnano,3.10.0,MIT,https://github.com/ben-eb/cssnano
csso,2.3.2,MIT,https://github.com/css/csso
currently-unhandled,0.4.1,MIT,github.com/jamestalmage
custom-event,1.0.1,MIT,https://github.com/webmodules/custom-event
cwds-authentication,0.1.0,MIT,https://github.com/ca-cwds
cyclist,0.2.2,MIT*,Unknown
d,1.0.0,MIT,http://www.medikoo.com/
damerau-levenshtein,1.0.4,Simplified BSD,Unknown
dashdash,1.14.1,MIT,http://trentm.com
date-arithmetic,3.1.0,MIT,https://github.com/jquense/date-math
date-now,0.1.4,MIT,https://github.com/Colingo/date-now
dateformat,1.0.12,MIT,https://github.com/felixge/node-dateformat
debug,0.7.4,MIT,Unknown
debug,0.8.1,MIT,Unknown
debug,2.2.0,MIT,Unknown
debug,2.3.3,MIT,Unknown
debug,2.6.9,MIT,Unknown
debug,3.1.0,MIT,Unknown
debug-log,1.0.1,MIT,sindresorhus.com
debuglog,1.0.1,MIT,Unknown
decamelize,1.2.0,MIT,sindresorhus.com
decode-uri-component,0.2.0,MIT,github.com/SamVerschueren
deep-equal,1.0.1,MIT,http://substack.net
deep-extend,0.4.2,MIT,https://github.com/unclechu/node-deep-extend
deep-is,0.1.3,MIT,http://thlorenz.com
defaults,1.0.3,MIT,Unknown
define-properties,1.1.2,MIT,Unknown
define-property,0.2.5,MIT,https://github.com/jonschlinkert/define-property
define-property,1.0.0,MIT,https://github.com/jonschlinkert/define-property
defined,1.0.0,MIT,https://github.com/substack/defined
deglob,2.1.0,ISC,https://github.com/flet/deglob
del,2.2.2,MIT,sindresorhus.com
del,3.0.0,MIT,sindresorhus.com
delayed-stream,1.0.0,MIT,https://github.com/felixge/node-delayed-stream
delegates,1.0.0,MIT,Unknown
depd,1.1.1,MIT,Unknown
depd,1.1.2,MIT,Unknown
des.js,1.0.0,MIT,https://github.com/indutny/des.js#readme
destroy,1.0.4,MIT,http://jongleberry.com
detect-indent,4.0.0,MIT,sindresorhus.com
detect-libc,1.0.3,Apache 2.0,Unknown
detect-node,2.0.3,ISC,https://github.com/iliakan/detect-node
dezalgo,1.0.3,ISC,https://github.com/npm/dezalgo
di,0.0.1,MIT,Unknown
diff,3.4.0,New BSD,Unknown
diff-lcs,1.3,"MIT,Artistic-2.0,GPL-2.0+",https://github.com/halostatue/diff-lcs
diffie-hellman,5.0.2,MIT,https://github.com/crypto-browserify/diffie-hellman
discontinuous-range,1.0.0,MIT,https://github.com/dtudury/discontinuous-range
dns-equal,1.0.0,MIT,https://github.com/watson/dns-equal#readme
dns-packet,1.3.1,MIT,https://github.com/mafintosh/dns-packet
dns-txt,2.0.2,MIT,https://github.com/watson/dns-txt
docile,1.1.5,MIT,https://ms-ati.github.io/docile/
doctrine,1.5.0,Simplified BSD,https://github.com/eslint/doctrine
doctrine,2.1.0,Apache 2.0,https://github.com/eslint/doctrine
dom-helpers,3.3.1,MIT,Unknown
dom-serialize,2.2.1,MIT,https://github.com/webmodules/dom-serialize
dom-serializer,0.1.0,MIT,Unknown
domain-browser,1.2.0,MIT,https://github.com/bevry/domain-browser
domelementtype,1.1.3,Simplified BSD,Unknown
domelementtype,1.3.0,Simplified BSD,Unknown
domhandler,2.4.1,Simplified BSD,Unknown
domutils,1.5.1,Simplified BSD,Unknown
domutils,1.6.2,Simplified BSD,Unknown
dot-prop,4.2.0,MIT,sindresorhus.com
dotenv,2.2.1,MIT,https://github.com/bkeepers/dotenv
dotenv-rails,2.2.1,MIT,https://github.com/bkeepers/dotenv
duplexer3,0.1.4,New BSD,http://www.fknsrs.biz/
duplexify,3.5.3,MIT,https://github.com/mafintosh/duplexify
ecc-jsbn,0.1.1,MIT,https://github.com/quartzjer/ecc-jsbn
editor,1.0.0,MIT,https://github.com/substack/node-editor
ee-first,1.1.1,MIT,http://jongleberry.com
electron-to-chromium,1.3.32,ISC,Unknown
elliptic,6.4.0,MIT,https://github.com/indutny/elliptic
emoji-regex,6.5.1,MIT,https://mths.be/emoji-regex
emojis-list,2.1.0,MIT,https://github.com/Kikobeats/emojis-list
encodeurl,1.0.2,MIT,Unknown
encoding,0.1.12,MIT,Unknown
end-of-stream,1.4.1,MIT,https://github.com/mafintosh/end-of-stream
engine.io,1.8.3,MIT,https://github.com/socketio/engine.io
engine.io-client,1.8.3,MIT,https://github.com/socketio/engine.io-client
engine.io-parser,1.3.2,MIT,https://github.com/socketio/engine.io-parser
enhanced-resolve,3.4.1,MIT,http://github.com/webpack/enhanced-resolve
ent,2.2.0,MIT,http://substack.net
entities,1.1.1,Simplified BSD,Unknown
enzyme,3.3.0,MIT,http://airbnb.io/enzyme/
enzyme-adapter-react-16,1.1.1,MIT,http://airbnb.io/enzyme/
enzyme-adapter-utils,1.3.0,MIT,http://airbnb.io/enzyme/
errno,0.1.6,MIT,Unknown
errno,0.1.7,MIT,Unknown
error-ex,1.3.1,MIT,Unknown
erubi,1.7.1,MIT,https://github.com/jeremyevans/erubi
es-abstract,1.10.0,MIT,http://ljharb.codes
es-to-primitive,1.1.1,MIT,Unknown
es5-ext,0.10.38,MIT,http://www.medikoo.com/
es6-iterator,2.0.3,MIT,http://www.medikoo.com/
es6-map,0.1.5,MIT,http://www.medikoo.com/
es6-promise,3.3.1,MIT,Conversion to ES6 API by Jake Archibald
es6-promise-promise,1.0.0,MIT,https://github.com/lrqdo/es6-promise-promise#readme
es6-set,0.1.5,MIT,http://www.medikoo.com/
es6-symbol,3.1.1,MIT,http://www.medikoo.com/
es6-weak-map,2.0.2,MIT,http://www.medikoo.com/
escape-html,1.0.3,MIT,Unknown
escape-string-regexp,1.0.5,MIT,sindresorhus.com
escodegen,1.8.1,Simplified BSD,http://github.com/estools/escodegen
escope,3.6.0,Simplified BSD,http://github.com/estools/escope
eslint,3.19.0,MIT,http://eslint.org/
eslint,4.17.0,MIT,https://eslint.org/
eslint-config-standard,10.2.1,MIT,https://github.com/feross/eslint-config-standard
eslint-config-standard-jsx,4.0.2,MIT,https://github.com/feross/eslint-config-standard-jsx
eslint-import-resolver-node,0.2.3,MIT,https://github.com/benmosher/eslint-plugin-import
eslint-import-resolver-node,0.3.2,MIT,https://github.com/benmosher/eslint-plugin-import
eslint-module-utils,2.1.1,MIT,https://github.com/benmosher/eslint-plugin-import#readme
eslint-plugin-import,2.2.0,MIT,https://github.com/benmosher/eslint-plugin-import
eslint-plugin-import,2.8.0,MIT,https://github.com/benmosher/eslint-plugin-import
eslint-plugin-jasmine,2.9.2,MIT,https://github.com/tlvince/eslint-plugin-jasmine
eslint-plugin-jsx-a11y,6.0.3,MIT,Unknown
eslint-plugin-node,4.2.3,MIT,https://github.com/mysticatea/eslint-plugin-node#readme
eslint-plugin-node,5.2.1,MIT,https://github.com/mysticatea/eslint-plugin-node#readme
eslint-plugin-promise,3.5.0,ISC,Unknown
eslint-plugin-promise,3.6.0,ISC,Unknown
eslint-plugin-react,6.10.3,MIT,https://github.com/yannickcr/eslint-plugin-react
eslint-plugin-react,7.6.1,MIT,https://github.com/yannickcr/eslint-plugin-react
eslint-plugin-standard,3.0.1,MIT,https://github.com/xjamundx/eslint-plugin-standard#readme
eslint-scope,3.7.1,Simplified BSD,http://github.com/eslint/eslint-scope
eslint-visitor-keys,1.0.0,Apache 2.0,https://github.com/eslint/eslint-visitor-keys#readme
espree,3.5.3,Simplified BSD,https://github.com/eslint/espree
esprima,2.7.3,Simplified BSD,http://esprima.org/
esprima,4.0.0,Simplified BSD,http://esprima.org/
esquery,1.0.0,New BSD,Unknown
esrecurse,4.2.0,Simplified BSD,https://github.com/estools/esrecurse
estraverse,1.9.3,Simplified BSD,https://github.com/estools/estraverse
estraverse,4.2.0,Simplified BSD,https://github.com/estools/estraverse
esutils,2.0.2,Simplified BSD,https://github.com/estools/esutils
etag,1.8.1,MIT,Unknown
event-emitter,0.3.5,MIT,http://www.medikoo.com/
eventemitter3,1.2.0,MIT,Unknown
events,1.1.1,MIT,http://jeditoolkit.com
eventsource,0.1.6,MIT,http://github.com/aslakhellesoy/eventsource-node
evp_bytestokey,1.0.3,MIT,https://github.com/crypto-browserify/EVP_BytesToKey
execa,0.7.0,MIT,sindresorhus.com
execjs,2.7.0,MIT,https://github.com/rails/execjs
exit,0.1.2,MIT,https://github.com/cowboy/node-exit
exit-hook,1.1.1,MIT,http://sindresorhus.com
expand-braces,0.1.2,MIT,https://github.com/jonschlinkert/expand-braces
expand-brackets,0.1.5,MIT,https://github.com/jonschlinkert/expand-brackets
expand-brackets,2.1.4,MIT,https://github.com/jonschlinkert/expand-brackets
expand-range,0.1.1,MIT,https://github.com/jonschlinkert/expand-range
expand-range,1.8.2,MIT,https://github.com/jonschlinkert/expand-range
express,3.4.8,MIT,Unknown
express,4.16.2,MIT,http://expressjs.com/
extend,3.0.1,MIT,http://www.justmoon.net
extend-shallow,2.0.1,MIT,https://github.com/jonschlinkert/extend-shallow
extend-shallow,3.0.2,MIT,https://github.com/jonschlinkert/extend-shallow
external-editor,2.1.0,MIT,https://github.com/mrkmg/node-external-editor#readme
extglob,0.3.2,MIT,https://github.com/jonschlinkert/extglob
extglob,2.0.4,MIT,https://github.com/micromatch/extglob
extract-text-webpack-plugin,3.0.2,MIT,http://github.com/webpack-contrib/extract-text-webpack-plugin
extsprintf,1.3.0,MIT,Unknown
extsprintf,1.4.0,MIT,Unknown
factories,0.0.8,BSD,Unknown
factory_girl,4.8.0,MIT,https://github.com/thoughtbot/factory_girl
factory_girl_rails,4.8.0,MIT,http://github.com/thoughtbot/factory_girl_rails
faker,1.7.3,MIT,https://github.com/stympy/faker
faraday,0.9.2,MIT,https://github.com/lostisland/faraday
faraday_middleware,0.11.0.1,MIT,https://github.com/lostisland/faraday_middleware
fast-deep-equal,1.0.0,MIT,https://github.com/epoberezkin/fast-deep-equal#readme
fast-json-stable-stringify,2.0.0,MIT,https://github.com/epoberezkin/fast-json-stable-stringify
fast-levenshtein,2.0.6,MIT,http://www.hiddentao.com/
fastparse,1.1.1,MIT,https://github.com/webpack/fastparse
faye-websocket,0.10.0,MIT,http://github.com/faye/faye-websocket-node
faye-websocket,0.11.1,MIT,https://github.com/faye/faye-websocket-node
fbjs,0.8.16,MIT,Unknown
fetch,0.3.6,MIT,http://github.com/andris9/fetch
fetch-mock,5.13.1,MIT,http://www.wheresrhys.co.uk/fetch-mock
ffi,1.9.18,New BSD,http://wiki.github.com/ffi/ffi
figures,1.7.0,MIT,sindresorhus.com
figures,2.0.0,MIT,sindresorhus.com
file-entry-cache,2.0.0,MIT,http://royriojas.com
file-loader,0.11.2,MIT,https://github.com/webpack/file-loader
file-loader,1.1.9,MIT,https://webpack.js.org/loaders/file-loader
filename-regex,2.0.1,MIT,https://github.com/regexhq/filename-regex
fill-range,2.2.3,MIT,https://github.com/jonschlinkert/fill-range
fill-range,4.0.0,MIT,https://github.com/jonschlinkert/fill-range
finalhandler,1.0.6,MIT,Unknown
finalhandler,1.1.0,MIT,Unknown
find-cache-dir,1.0.0,MIT,github.com/jamestalmage
find-root,1.1.0,MIT,Unknown
find-up,1.1.2,MIT,sindresorhus.com
find-up,2.1.0,MIT,sindresorhus.com
flat-cache,1.3.0,MIT,http://royriojas.com
flatten,1.0.2,MIT,http://jesusabdullah.net
flush-write-stream,1.0.2,MIT,https://github.com/mafintosh/flush-write-stream
font-awesome,4.7.0,(OFL-1.1 AND MIT),http://fontawesome.io/
font-awesome-sass,4.7.0,MIT,https://github.com/FortAwesome/font-awesome-sass
for-in,0.1.8,MIT,https://github.com/jonschlinkert/for-in
for-in,1.0.2,MIT,https://github.com/jonschlinkert/for-in
for-own,0.1.5,MIT,https://github.com/jonschlinkert/for-own
for-own,1.0.0,MIT,https://github.com/jonschlinkert/for-own
foreach,2.0.5,MIT,Unknown
foreman,0.84.0,MIT,http://github.com/ddollar/foreman
foreman,2.0.0,MIT,http://strongloop.github.io/node-foreman/
forever-agent,0.6.1,Apache 2.0,http://www.futurealoof.com
form-data,2.1.4,MIT,http://debuggable.com/
form-data,2.3.1,MIT,http://debuggable.com/
formatio,1.2.0,New BSD,http://busterjs.org/docs/formatio/
forwarded,0.1.2,MIT,Unknown
fragment-cache,0.2.1,MIT,https://github.com/jonschlinkert/fragment-cache
fresh,0.2.0,MIT,http://tjholowaychuk.com
fresh,0.5.2,MIT,http://tjholowaychuk.com
from2,1.3.0,MIT,https://github.com/hughsk/from2
from2,2.3.0,MIT,https://github.com/hughsk/from2
fs-access,1.0.1,MIT,sindresorhus.com
fs-extra,0.24.0,MIT,https://github.com/jprichardson/node-fs-extra
fs-extra,0.30.0,MIT,https://github.com/jprichardson/node-fs-extra
fs-promise,0.3.1,MIT,Unknown
fs-vacuum,1.2.10,ISC,https://github.com/npm/fs-vacuum
fs-write-stream-atomic,1.0.10,ISC,https://github.com/npm/fs-write-stream-atomic
fs.realpath,1.0.0,ISC,http://blog.izs.me/
fsevents,1.1.3,MIT,https://github.com/strongloop/fsevents
fstream,1.0.11,ISC,http://blog.izs.me/
fstream-ignore,1.0.5,ISC,http://blog.izs.me/
fstream-npm,1.2.1,ISC,http://blog.izs.me/
function-bind,1.1.1,MIT,https://github.com/Raynos/function-bind
function.prototype.name,1.1.0,MIT,Unknown
functional-red-black-tree,1.0.1,MIT,Unknown
gauge,2.7.4,ISC,https://github.com/iarna/gauge
gaze,1.1.2,MIT,https://github.com/shama/gaze
generate-function,2.0.0,MIT,https://github.com/mafintosh/generate-function
generate-object-property,1.2.0,MIT,https://github.com/mafintosh/generate-object-property
get-caller-file,1.0.2,ISC,https://github.com/stefanpenner/get-caller-file#readme
get-stdin,4.0.1,MIT,http://sindresorhus.com
get-stdin,5.0.1,MIT,sindresorhus.com
get-stream,3.0.0,MIT,sindresorhus.com
get-value,2.0.6,MIT,https://github.com/jonschlinkert/get-value
getpass,0.1.7,MIT,Unknown
glob,5.0.15,ISC,http://blog.izs.me/
glob,6.0.4,ISC,http://blog.izs.me/
glob,7.1.2,ISC,http://blog.izs.me/
glob-base,0.3.0,MIT,https://github.com/jonschlinkert/glob-base
glob-parent,2.0.0,ISC,https://github.com/es128/glob-parent
glob-parent,3.1.0,ISC,https://github.com/es128/glob-parent
glob-to-regexp,0.3.0,BSD,Unknown
globalid,0.4.1,MIT,http://www.rubyonrails.org
globals,11.3.0,MIT,sindresorhus.com
globals,9.18.0,MIT,http://sindresorhus.com
globby,3.0.1,MIT,sindresorhus.com
globby,5.0.0,MIT,sindresorhus.com
globby,6.1.0,MIT,sindresorhus.com
globule,1.2.0,MIT,https://github.com/cowboy/node-globule
gonzales-pe,4.2.3,MIT,http://github.com/tonyganch/gonzales-pe
got,6.7.1,MIT,Unknown
graceful-fs,4.1.11,ISC,Unknown
graceful-readlink,1.0.1,MIT,https://github.com/zhiyelee/graceful-readlink
handle-thing,1.2.5,MIT,https://github.com/indutny/handle-thing#readme
handlebars,4.0.11,MIT,http://www.handlebarsjs.com/
har-schema,1.0.5,ISC,https://github.com/ahmadnassri/har-schema
har-schema,2.0.0,ISC,https://github.com/ahmadnassri/har-schema
har-validator,2.0.6,ISC,https://github.com/ahmadnassri/har-validator
har-validator,4.2.1,ISC,https://github.com/ahmadnassri/har-validator
har-validator,5.0.3,ISC,https://github.com/ahmadnassri/har-validator
has,1.0.1,MIT,https://github.com/tarruda/has
has-ansi,2.0.0,MIT,sindresorhus.com
has-binary,0.1.7,MIT,Unknown
has-cors,1.1.0,MIT,http://n8.io/
has-flag,1.0.0,MIT,sindresorhus.com
has-flag,2.0.0,MIT,sindresorhus.com
has-flag,3.0.0,MIT,sindresorhus.com
has-symbols,1.0.0,MIT,http://ljharb.codes
has-unicode,2.0.1,ISC,https://github.com/iarna/has-unicode
has-value,0.3.1,MIT,https://github.com/jonschlinkert/has-value
has-value,1.0.0,MIT,https://github.com/jonschlinkert/has-value
has-values,0.1.4,MIT,https://github.com/jonschlinkert/has-values
has-values,1.0.0,MIT,https://github.com/jonschlinkert/has-values
hash-base,2.0.2,MIT,https://github.com/crypto-browserify/hash-base
hash-base,3.0.4,MIT,https://github.com/crypto-browserify/hash-base
hash.js,1.1.3,MIT,https://github.com/indutny/hash.js
hashdiff,0.3.4,MIT,https://github.com/liufengyun/hashdiff
hawk,3.1.3,New BSD,http://hueniverse.com
hawk,6.0.2,New BSD,http://hueniverse.com
history,3.3.0,MIT,Unknown
hmac-drbg,1.0.1,MIT,https://github.com/indutny/hmac-drbg#readme
hoek,2.16.3,New BSD,Unknown
hoek,4.2.0,New BSD,Unknown
hoist-non-react-statics,1.2.0,BSD*,Unknown
hoist-non-react-statics,2.3.1,New BSD,Unknown
home-or-tmp,2.0.0,MIT,sindresorhus.com
hosted-git-info,2.4.2,ISC,https://github.com/npm/hosted-git-info
hosted-git-info,2.5.0,ISC,https://github.com/npm/hosted-git-info
hpack.js,2.1.6,MIT,https://github.com/indutny/hpack.js#readme
html-comment-regex,1.1.1,MIT,https://github.com/stevemao/html-comment-regex
html-entities,1.2.1,MIT,Unknown
htmlparser2,3.9.2,MIT,Unknown
http-deceiver,1.2.7,MIT,https://github.com/indutny/http-deceiver#readme
http-errors,1.6.2,MIT,http://jongleberry.com
http-parser-js,0.4.10,MIT,https://github.com/creationix
http-proxy,1.11.3,MIT,Unknown
http-proxy,1.16.2,MIT,Unknown
http-proxy-middleware,0.17.4,MIT,https://github.com/chimurai/http-proxy-middleware
http-signature,1.1.1,MIT,https://github.com/joyent/node-http-signature/
http-signature,1.2.0,MIT,https://github.com/joyent/node-http-signature/
https-browserify,1.0.0,MIT,https://github.com/substack/https-browserify
i18n,0.9.5,MIT,http://github.com/svenfuchs/i18n
iconv-lite,0.4.19,MIT,https://github.com/ashtuchkin/iconv-lite
icss-replace-symbols,1.1.0,ISC,https://github.com/css-modules/icss-replace-symbols#readme
icss-utils,2.1.0,ISC,https://github.com/css-modules/icss-utils#readme
iectrl,0.1.2,MIT,http://xdissent.github.io/iectrl
ieee754,1.1.8,New BSD,http://feross.org
iferr,0.1.5,MIT,https://github.com/shesek/iferr
ignore,3.3.7,MIT,Unknown
immutable,3.8.2,MIT,https://facebook.github.com/immutable-js
import-local,1.0.0,MIT,sindresorhus.com
imurmurhash,0.1.4,MIT,https://github.com/jensyt/imurmurhash-js
in-publish,2.0.0,ISC,https://github.com/iarna/in-publish
indent-string,2.1.0,MIT,sindresorhus.com
indexes-of,1.0.1,MIT,https://github.com/dominictarr/indexes-of
indexof,0.0.1,MIT*,Unknown
inflight,1.0.6,ISC,https://github.com/isaacs/inflight
inherits,2.0.1,ISC,Unknown
inherits,2.0.3,ISC,Unknown
ini,1.3.5,ISC,http://blog.izs.me/
init-package-json,1.10.1,ISC,http://blog.izs.me/
inputmask-core,2.2.0,MIT,https://github.com/insin/inputmask-core
inquirer,0.12.0,MIT,Unknown
inquirer,3.3.0,MIT,Unknown
install,0.8.9,MIT,http://github.com/benjamn/install
internal-ip,1.2.0,MIT,sindresorhus.com
interpret,1.1.0,MIT,https://github.com/tkellen/node-interpret
invariant,2.2.2,New BSD,Unknown
invert-kv,1.0.0,MIT,http://sindresorhus.com
io-like,0.3.0,MIT,http://io-like.rubyforge.org
ip,1.1.5,MIT,https://github.com/indutny/node-ip
ipaddr.js,1.5.2,MIT,Unknown
is-absolute-url,2.1.0,MIT,http://sindresorhus.com
is-accessor-descriptor,0.1.6,MIT,https://github.com/jonschlinkert/is-accessor-descriptor
is-accessor-descriptor,1.0.0,MIT,https://github.com/jonschlinkert/is-accessor-descriptor
is-arrayish,0.2.1,MIT,http://github.com/qix-
is-arrayish,0.3.1,MIT,http://github.com/qix-
is-binary-path,1.0.1,MIT,sindresorhus.com
is-boolean-object,1.0.0,MIT,Unknown
is-buffer,1.1.6,MIT,http://feross.org/
is-builtin-module,1.0.0,MIT,sindresorhus.com
is-callable,1.1.3,MIT,http://ljharb.codes
is-data-descriptor,0.1.4,MIT,https://github.com/jonschlinkert/is-data-descriptor
is-data-descriptor,1.0.0,MIT,https://github.com/jonschlinkert/is-data-descriptor
is-date-object,1.0.1,MIT,Unknown
is-descriptor,0.1.6,MIT,https://github.com/jonschlinkert/is-descriptor
is-descriptor,1.0.2,MIT,https://github.com/jonschlinkert/is-descriptor
is-directory,0.3.1,MIT,https://github.com/jonschlinkert/is-directory
is-dotfile,1.0.3,MIT,https://github.com/jonschlinkert/is-dotfile
is-equal-shallow,0.1.3,MIT,https://github.com/jonschlinkert/is-equal-shallow
is-extendable,0.1.1,MIT,https://github.com/jonschlinkert/is-extendable
is-extendable,1.0.1,MIT,https://github.com/jonschlinkert/is-extendable
is-extglob,1.0.0,MIT,https://github.com/jonschlinkert/is-extglob
is-extglob,2.1.1,MIT,https://github.com/jonschlinkert/is-extglob
is-finite,1.0.2,MIT,sindresorhus.com
is-fullwidth-code-point,1.0.0,MIT,sindresorhus.com
is-fullwidth-code-point,2.0.0,MIT,sindresorhus.com
is-glob,2.0.1,MIT,https://github.com/jonschlinkert/is-glob
is-glob,3.1.0,MIT,https://github.com/jonschlinkert/is-glob
is-glob,4.0.0,MIT,https://github.com/jonschlinkert/is-glob
is-my-json-valid,2.17.1,MIT,https://github.com/mafintosh/is-my-json-valid
is-npm,1.0.0,MIT,http://sindresorhus.com
is-number,0.1.1,MIT,https://github.com/jonschlinkert/is-number
is-number,2.1.0,MIT,https://github.com/jonschlinkert/is-number
is-number,3.0.0,MIT,https://github.com/jonschlinkert/is-number
is-number-object,1.0.3,MIT,Unknown
is-obj,1.0.1,MIT,sindresorhus.com
is-odd,1.0.0,MIT,https://github.com/jonschlinkert/is-odd
is-path-cwd,1.0.0,MIT,http://sindresorhus.com
is-path-in-cwd,1.0.0,MIT,http://sindresorhus.com
is-path-inside,1.0.1,MIT,sindresorhus.com
is-plain-obj,1.1.0,MIT,sindresorhus.com
is-plain-object,2.0.4,MIT,https://github.com/jonschlinkert/is-plain-object
is-posix-bracket,0.1.1,MIT,https://github.com/jonschlinkert/is-posix-bracket
is-primitive,2.0.0,MIT,https://github.com/jonschlinkert/is-primitive
is-promise,2.1.0,MIT,Unknown
is-property,1.0.2,MIT,Unknown
is-redirect,1.0.0,MIT,sindresorhus.com
is-regex,1.0.4,MIT,https://github.com/ljharb/is-regex
is-resolvable,1.1.0,ISC,https://github.com/shinnn
is-retry-allowed,1.1.0,MIT,github.com/floatdrop
is-stream,1.1.0,MIT,sindresorhus.com
is-string,1.0.4,MIT,Unknown
is-subset,0.1.1,MIT,Unknown
is-svg,2.1.0,MIT,sindresorhus.com
is-symbol,1.0.1,MIT,Unknown
is-typedarray,1.0.0,MIT,https://github.com/hughsk/is-typedarray
is-utf8,0.2.1,MIT,Unknown
is-wsl,1.1.0,MIT,sindresorhus.com
isarray,0.0.1,MIT,https://github.com/juliangruber/isarray
isarray,1.0.0,MIT,https://github.com/juliangruber/isarray
isbinaryfile,3.0.2,MIT,Unknown
isexe,2.0.0,ISC,https://github.com/isaacs/isexe#readme
isnumeric,0.2.0,Unknown,http://ilee.co.uk/
isobject,2.1.0,MIT,https://github.com/jonschlinkert/isobject
isobject,3.0.1,MIT,https://github.com/jonschlinkert/isobject
isomorphic-fetch,2.2.1,MIT,https://github.com/matthew-andrews/isomorphic-fetch/issues
isstream,0.1.2,MIT,https://github.com/rvagg/isstream
istanbul,0.4.5,New BSD,Unknown
istanbul-instrumenter-loader,3.0.0,MIT,https://github.com/webpack-contrib/istanbul-instrumenter-loader
istanbul-lib-coverage,1.1.1,New BSD,https://github.com/istanbuljs/istanbuljs
istanbul-lib-instrument,1.9.1,New BSD,https://github.com/istanbuljs/istanbuljs
jasmine,2.99.0,MIT,http://jasmine.github.io/
jasmine-core,2.9.1,MIT,http://jasmine.github.io/
jasmine-core,2.99.1,MIT,http://jasmine.github.io/
jbuilder,2.7.0,MIT,https://github.com/rails/jbuilder
js-base64,2.4.3,New BSD,Unknown
js-tokens,3.0.2,MIT,Unknown
js-yaml,3.10.0,MIT,https://github.com/nodeca/js-yaml
js-yaml,3.7.0,MIT,https://github.com/nodeca/js-yaml
jsbn,0.1.1,MIT,Unknown
jsesc,0.5.0,MIT,http://mths.be/jsesc
jsesc,1.3.0,MIT,https://mths.be/jsesc
json,2.1.0,ruby,http://flori.github.com/json
json-loader,0.5.7,MIT,Unknown
json-parse-better-errors,1.0.1,MIT,Unknown
json-schema,0.2.3,BSD*,Unknown
json-schema-traverse,0.3.1,MIT,https://github.com/epoberezkin/json-schema-traverse#readme
json-stable-stringify,1.0.1,MIT,https://github.com/substack/json-stable-stringify
json-stable-stringify-without-jsonify,1.0.1,MIT,https://github.com/samn/json-stable-stringify
json-stringify-safe,5.0.1,ISC,https://github.com/isaacs/json-stringify-safe
json3,3.3.2,MIT,http://bestiejs.github.io/json3
json5,0.5.1,MIT,http://json5.org/
jsonfile,2.4.0,MIT,Unknown
jsonify,0.0.0,Public Domain,http://crockford.com/
jsonparse,1.3.1,MIT,Unknown
jsonpointer,4.0.1,MIT,Unknown
jsprim,1.4.1,MIT,Unknown
jsx-ast-utils,1.4.1,MIT,Unknown
jsx-ast-utils,2.0.1,MIT,Unknown
karma,1.7.1,MIT,http://karma-runner.github.io/
karma-chrome-launcher,2.2.0,MIT,Unknown
karma-cli,1.0.1,MIT,http://karma-runner.github.io/
karma-coverage,1.1.1,MIT,Unknown
karma-htmlfile-reporter,0.3.5,MIT,Unknown
karma-ievms,0.1.0,MIT,http://xdissent.github.io/karma-ievms
karma-jasmine,1.1.1,MIT,Unknown
karma-jasmine-html-reporter,0.2.2,MIT,Unknown
karma-sourcemap-loader,0.3.7,MIT,Unknown
karma-verbose-reporter,0.0.6,MIT,Unknown
karma-webpack,2.0.9,MIT,http://github.com/webpack/karma-webpack
keypress,0.1.0,MIT,http://tootallnate.net
killable,1.0.0,ISC,Unknown
kind-of,2.0.1,MIT,https://github.com/jonschlinkert/kind-of
kind-of,3.2.2,MIT,https://github.com/jonschlinkert/kind-of
kind-of,4.0.0,MIT,https://github.com/jonschlinkert/kind-of
kind-of,5.1.0,MIT,https://github.com/jonschlinkert/kind-of
kind-of,6.0.2,MIT,https://github.com/jonschlinkert/kind-of
klaw,1.3.1,MIT,https://github.com/jprichardson/node-klaw#readme
latest-version,3.1.0,MIT,sindresorhus.com
lazy-cache,0.2.7,MIT,https://github.com/jonschlinkert/lazy-cache
lazy-cache,1.0.4,MIT,https://github.com/jonschlinkert/lazy-cache
lazy-cache,2.0.2,MIT,https://github.com/jonschlinkert/lazy-cache
lazy-property,1.0.0,MIT,Unknown
lazy-req,2.0.0,MIT,sindresorhus.com
lcid,1.0.0,MIT,sindresorhus.com
levn,0.3.0,MIT,https://github.com/gkz/levn
listen,3.1.5,MIT,https://github.com/guard/listen
load-json-file,1.1.0,MIT,sindresorhus.com
load-json-file,2.0.0,MIT,sindresorhus.com
load-json-file,4.0.0,MIT,sindresorhus.com
loader-runner,2.3.0,MIT,https://github.com/webpack/loader-runner#readme
loader-utils,0.2.17,MIT,Unknown
loader-utils,1.1.0,MIT,Unknown
locate-path,2.0.0,MIT,sindresorhus.com
lockfile,1.0.3,ISC,http://blog.izs.me/
lodash,3.10.1,MIT,https://lodash.com/
lodash,4.17.5,MIT,https://lodash.com/
lodash-es,4.17.5,MIT,https://lodash.com/custom-builds
lodash._baseassign,3.2.0,MIT,https://lodash.com/
lodash._basecopy,3.0.1,MIT,https://lodash.com/
lodash._baseuniq,4.6.0,MIT,https://lodash.com/
lodash._bindcallback,3.0.1,MIT,https://lodash.com/
lodash._createassigner,3.1.1,MIT,https://lodash.com/
lodash._createset,4.0.3,MIT,https://lodash.com/
lodash._getnative,3.9.1,MIT,https://lodash.com/
lodash._isiterateecall,3.0.9,MIT,https://lodash.com/
lodash._reinterpolate,3.0.0,MIT,https://lodash.com/
lodash._root,3.0.1,MIT,https://lodash.com/
lodash.assign,3.2.0,MIT,https://lodash.com/
lodash.assign,4.2.0,MIT,https://lodash.com/
lodash.camelcase,4.3.0,MIT,https://lodash.com/
lodash.clonedeep,4.5.0,MIT,https://lodash.com/
lodash.cond,4.5.2,MIT,https://lodash.com/
lodash.defaults,3.1.2,MIT,https://lodash.com/
lodash.defaults,4.2.0,MIT,https://lodash.com/
lodash.flattendeep,4.4.0,MIT,https://lodash.com/
lodash.isarguments,3.1.0,MIT,https://lodash.com/
lodash.isarray,3.0.4,MIT,https://lodash.com/
lodash.keys,3.1.2,MIT,https://lodash.com/
lodash.memoize,4.1.2,MIT,https://lodash.com/
lodash.mergewith,4.6.1,MIT,https://lodash.com/
lodash.restparam,3.6.1,MIT,https://lodash.com/
lodash.tail,4.1.1,MIT,https://lodash.com/
lodash.template,4.4.0,MIT,https://lodash.com/
lodash.templatesettings,4.1.0,MIT,https://lodash.com/
lodash.union,4.6.0,MIT,https://lodash.com/
lodash.uniq,4.5.0,MIT,https://lodash.com/
lodash.without,4.4.0,MIT,https://lodash.com/
log4js,0.6.38,Apache 2.0,Unknown
loglevel,1.6.1,MIT,https://github.com/pimterry/loglevel
lolex,1.6.0,New BSD,http://github.com/sinonjs/lolex
longest,1.0.1,MIT,https://github.com/jonschlinkert/longest
loofah,2.2.2,MIT,https://github.com/flavorjones/loofah
loose-envify,1.3.1,MIT,https://github.com/zertosh/loose-envify
loud-rejection,1.6.0,MIT,sindresorhus.com
lowercase-keys,1.0.0,MIT,sindresorhus.com
lru-cache,4.1.1,ISC,Unknown
ltcdr,2.2.1,MIT,Unknown
macaddress,0.2.8,MIT,https://github.com/scravy/node-macaddress
mail,2.7.0,MIT,https://github.com/mikel/mail
make-dir,1.1.0,MIT,sindresorhus.com
map-cache,0.2.2,MIT,https://github.com/jonschlinkert/map-cache
map-obj,1.0.1,MIT,sindresorhus.com
map-visit,1.0.0,MIT,https://github.com/jonschlinkert/map-visit
math-expression-evaluator,1.2.17,MIT,https://github.com/redhivesoftware/math-expression-evaluator#readme
md5.js,1.3.4,MIT,https://github.com/crypto-browserify/md5.js
media-typer,0.3.0,MIT,Unknown
mem,1.1.0,MIT,sindresorhus.com
memory-fs,0.4.1,MIT,https://github.com/webpack/memory-fs
meow,3.7.0,MIT,sindresorhus.com
merge-descriptors,0.0.1,MIT,http://jongleberry.com
merge-descriptors,1.0.1,MIT,http://jongleberry.com
method_source,0.9.0,MIT,http://banisterfiend.wordpress.com
methods,0.1.0,MIT,Unknown
methods,1.1.2,MIT,Unknown
micromatch,2.3.11,MIT,https://github.com/jonschlinkert/micromatch
micromatch,3.1.5,MIT,https://github.com/micromatch/micromatch
miller-rabin,4.0.1,MIT,https://github.com/indutny/miller-rabin
mime,1.2.11,MIT,http://github.com/broofa
mime,1.3.6,MIT,http://github.com/broofa
mime,1.4.1,MIT,http://github.com/broofa
mime,1.6.0,MIT,http://github.com/broofa
mime-db,1.30.0,MIT,Unknown
mime-db,1.32.0,MIT,Unknown
mime-types,2.1.17,MIT,Unknown
mimic-fn,1.2.0,MIT,sindresorhus.com
mini_mime,1.0.0,MIT,https://github.com/discourse/mini_mime
mini_portile2,2.3.0,MIT,http://github.com/flavorjones/mini_portile
minimalistic-assert,1.0.0,ISC,https://github.com/calvinmetcalf/minimalistic-assert
minimalistic-crypto-utils,1.0.1,MIT,https://github.com/indutny/minimalistic-crypto-utils#readme
minimatch,3.0.4,ISC,http://blog.izs.me
minimist,0.0.10,MIT,https://github.com/substack/minimist
minimist,0.0.8,MIT,https://github.com/substack/minimist
minimist,1.1.3,MIT,https://github.com/substack/minimist
minimist,1.2.0,MIT,https://github.com/substack/minimist
minitest,5.11.3,MIT,https://github.com/seattlerb/minitest
mississippi,1.3.1,Simplified BSD,https://github.com/maxogden/mississippi#readme
mississippi,2.0.0,Simplified BSD,https://github.com/maxogden/mississippi#readme
mixin-deep,1.3.0,MIT,https://github.com/jonschlinkert/mixin-deep
mixin-object,2.0.1,MIT,https://github.com/jonschlinkert/mixin-object
mkdirp,0.3.5,MIT,http://substack.net
mkdirp,0.5.1,MIT,http://substack.net
mock_redis,0.17.3,MIT,https://github.com/brigade/mock_redis
moment,2.0.0,MIT,http://momentjs.com/
moment,2.20.1,MIT,http://momentjs.com/
moment,2.21.0,MIT,http://momentjs.com/
move-concurrently,1.0.1,ISC,https://www.npmjs.com/package/move-concurrently
ms,0.7.1,MIT,Unknown
ms,0.7.2,MIT,Unknown
ms,2.0.0,MIT,Unknown
multi_json,1.12.1,MIT,http://github.com/intridea/multi_json
multicast-dns,6.2.3,MIT,https://github.com/mafintosh/multicast-dns
multicast-dns-service-types,1.1.0,MIT,https://github.com/mafintosh/multicast-dns-service-types
multipart-post,2.0.0,MIT,https://github.com/nicksieger/multipart-post
multiparty,2.2.0,MIT,Unknown
mustache,2.3.0,MIT,https://github.com/janl/mustache.js
mute-stream,0.0.5,ISC,http://blog.izs.me/
mute-stream,0.0.7,ISC,http://blog.izs.me/
nan,2.8.0,MIT,Unknown
nanomatch,1.2.7,MIT,https://github.com/micromatch/nanomatch
native-promise-only,0.8.1,MIT,http://github.com/getify/native-promise-only
natural-compare,1.4.0,MIT,https://github.com/litejs/natural-compare-lite
nearley,2.11.0,MIT,Unknown
negotiator,0.3.0,MIT,Unknown
negotiator,0.6.1,MIT,Unknown
newrelic_rpm,4.5.0.337,New Relic,https://github.com/newrelic/rpm
nio4r,2.3.0,MIT,https://github.com/socketry/nio4r
node-fetch,1.7.3,MIT,https://github.com/bitinn/node-fetch
node-forge,0.7.1,(BSD-3-Clause OR GPL-2.0),https://github.com/digitalbazaar/forge
node-gyp,3.6.2,MIT,http://tootallnate.net
node-libs-browser,2.1.0,MIT,http://github.com/webpack/node-libs-browser
node-pre-gyp,0.6.39,New BSD,Unknown
node-sass,4.7.2,MIT,https://github.com/sass/node-sass
node-zopfli,2.0.2,MIT,https://github.com/pierreinglebert/node-zopfli
nokogiri,1.8.2,MIT,http://nokogiri.org
nomnom,1.6.2,MIT,Unknown
noms,0.0.0,ISC,Unknown
nopt,3.0.6,ISC,http://blog.izs.me/
nopt,4.0.1,ISC,http://blog.izs.me/
normalize-git-url,3.0.2,ISC,https://github.com/npm/normalize-git-url
normalize-package-data,2.3.8,Simplified BSD,Unknown
normalize-package-data,2.4.0,Simplified BSD,Unknown
normalize-path,2.1.1,MIT,https://github.com/jonschlinkert/normalize-path
normalize-range,0.1.2,MIT,github.com/jamestalmage
normalize-url,1.9.1,MIT,sindresorhus.com
npm,4.6.1,Artistic-2.0,https://docs.npmjs.com/
npm-cache-filename,1.0.2,ISC,https://github.com/npm/npm-cache-filename
npm-install-checks,3.0.0,Simplified BSD,https://github.com/npm/npm-install-checks
npm-package-arg,4.2.1,ISC,https://github.com/npm/npm-package-arg
npm-package-arg,5.1.2,ISC,https://github.com/npm/npm-package-arg
npm-registry-client,8.1.1,ISC,http://blog.izs.me/
npm-run-path,2.0.2,MIT,sindresorhus.com
npm-user-validate,0.1.5,Simplified BSD,Unknown
npmlog,4.0.2,ISC,http://blog.izs.me/
npmlog,4.1.2,ISC,http://blog.izs.me/
nth-check,1.0.1,BSD,https://github.com/fb55/nth-check
null-check,1.0.0,MIT,sindresorhus.com
num2fraction,1.2.2,MIT,http://iyunlu.com/view
number-is-nan,1.0.1,MIT,sindresorhus.com
oauth-sign,0.8.2,Apache 2.0,http://www.futurealoof.com
object-assign,3.0.0,MIT,http://sindresorhus.com
object-assign,4.1.0,MIT,sindresorhus.com
object-assign,4.1.1,MIT,sindresorhus.com
object-component,0.0.3,MIT*,Unknown
object-copy,0.1.0,MIT,https://github.com/jonschlinkert/object-copy
object-inspect,1.5.0,MIT,https://github.com/substack/object-inspect
object-is,1.0.1,MIT,https://github.com/ljharb/object-is
object-keys,1.0.11,MIT,http://ljharb.codes
object-path,0.9.2,MIT,https://github.com/mariocasciaro/object-path
object-visit,1.0.1,MIT,https://github.com/jonschlinkert/object-visit
object.assign,4.1.0,MIT,Unknown
object.entries,1.0.4,MIT,Unknown
object.omit,2.0.1,MIT,https://github.com/jonschlinkert/object.omit
object.pick,1.3.0,MIT,https://github.com/jonschlinkert/object.pick
object.values,1.0.4,MIT,Unknown
obuf,1.1.1,MIT,https://github.com/indutny/offset-buffer
on-finished,2.3.0,MIT,Unknown
on-headers,1.0.1,MIT,Unknown
once,1.4.0,ISC,http://blog.izs.me/
onecolor,2.4.2,BSD*,Unknown
onecolor,3.0.5,Simplified BSD,Unknown
onetime,1.1.0,MIT,sindresorhus.com
onetime,2.0.1,MIT,sindresorhus.com
opener,1.4.3,(WTFPL OR MIT),https://domenic.me/
opn,5.2.0,MIT,sindresorhus.com
optimist,0.6.1,MIT,http://substack.net
optionator,0.8.2,MIT,https://github.com/gkz/optionator
options,0.0.6,MIT,http://2x.io
original,1.0.0,MIT,Unknown
os-browserify,0.3.0,MIT,Unknown
os-homedir,1.0.2,MIT,sindresorhus.com
os-locale,1.4.0,MIT,sindresorhus.com
os-locale,2.1.0,MIT,sindresorhus.com
os-tmpdir,1.0.2,MIT,sindresorhus.com
osenv,0.1.4,ISC,http://blog.izs.me/
p-finally,1.0.0,MIT,sindresorhus.com
p-limit,1.2.0,MIT,sindresorhus.com
p-locate,2.0.0,MIT,sindresorhus.com
p-map,1.2.0,MIT,sindresorhus.com
p-try,1.0.0,MIT,sindresorhus.com
package-json,4.0.1,MIT,sindresorhus.com
packages,0.0.8,BSD,Unknown
pako,1.0.6,(MIT AND Zlib),https://github.com/nodeca/pako
parallel-transform,1.1.0,MIT,Unknown
parse-asn1,5.1.0,ISC,Unknown
parse-glob,3.0.4,MIT,https://github.com/jonschlinkert/parse-glob
parse-json,2.2.0,MIT,sindresorhus.com
parse-json,4.0.0,MIT,sindresorhus.com
parse5,3.0.3,MIT,https://github.com/inikulin/parse5
parsejson,0.0.3,MIT,https://github.com/get/parsejson
parseqs,0.0.5,MIT,https://github.com/get/querystring
parser,2.4.0.0,MIT,https://github.com/whitequark/parser
parseuri,0.0.5,MIT,https://github.com/get/parseuri
parseurl,1.3.2,MIT,Unknown
pascalcase,0.1.1,MIT,https://github.com/jonschlinkert/pascalcase
path-browserify,0.0.0,MIT,https://github.com/substack/path-browserify
path-complete-extname,0.1.0,MIT,https://github.com/ruyadorno/path-complete-extname
path-dirname,1.0.2,MIT,Unknown
path-exists,2.1.0,MIT,sindresorhus.com
path-exists,3.0.0,MIT,sindresorhus.com
path-is-absolute,1.0.1,MIT,sindresorhus.com
path-is-inside,1.0.2,(WTFPL OR MIT),https://domenic.me
path-key,2.0.1,MIT,sindresorhus.com
path-parse,1.0.5,MIT,https://github.com/jbgutierrez/path-parse#readme
path-to-regexp,0.1.7,MIT,Unknown
path-to-regexp,1.7.0,MIT,Unknown
path-type,1.1.0,MIT,sindresorhus.com
path-type,2.0.0,MIT,sindresorhus.com
pause,0.0.1,MIT,Unknown
pbkdf2,3.0.14,MIT,https://github.com/crypto-browserify/pbkdf2
performance-now,0.2.0,MIT,https://github.com/meryn/performance-now
performance-now,2.1.0,MIT,https://github.com/braveg1rl/performance-now
pify,2.3.0,MIT,sindresorhus.com
pify,3.0.0,MIT,sindresorhus.com
pinkie,1.0.0,MIT,github.com/floatdrop
pinkie,2.0.4,MIT,github.com/floatdrop
pinkie-promise,1.0.0,MIT,github.com/floatdrop
pinkie-promise,2.0.1,MIT,github.com/floatdrop
pixrem,3.0.2,MIT,https://github.com/robwierzbowski/node-pixrem
pixrem,4.0.1,MIT,https://github.com/robwierzbowski/node-pixrem
pkg-conf,2.1.0,MIT,sindresorhus.com
pkg-config,1.1.1,MIT,https://github.com/ahmadnassri/pkg-config
pkg-dir,1.0.0,MIT,sindresorhus.com
pkg-dir,2.0.0,MIT,sindresorhus.com
pkg-up,1.0.0,MIT,sindresorhus.com
pleeease-filters,3.0.1,MIT*,Unknown
pleeease-filters,4.0.0,MIT*,Unknown
pluralize,1.2.1,MIT,http://blakeembrey.me
pluralize,7.0.0,MIT,http://blakeembrey.me
poltergeist,1.17.0,MIT,https://github.com/teampoltergeist/poltergeist
portfinder,1.0.13,MIT,Unknown
posix-character-classes,0.1.1,MIT,https://github.com/jonschlinkert/posix-character-classes
postcss,5.2.18,MIT,http://postcss.org/
postcss,6.0.17,MIT,http://postcss.org/
postcss,6.0.19,MIT,http://postcss.org/
postcss-advanced-variables,1.2.2,CC0-1.0,https://github.com/jonathantneal/postcss-advanced-variables
postcss-apply,0.3.0,Unlicense,https://github.com/pascalduez/postcss-apply
postcss-apply,0.8.0,Unlicense,https://github.com/pascalduez/postcss-apply
postcss-atroot,0.1.3,MIT,Unknown
postcss-attribute-case-insensitive,1.0.1,MIT,https://github.com/Semigradsky/postcss-attribute-case-insensitive#readme
postcss-attribute-case-insensitive,2.0.0,MIT,https://github.com/Semigradsky/postcss-attribute-case-insensitive#readme
postcss-calc,5.3.1,MIT,Unknown
postcss-calc,6.0.1,MIT,Unknown
postcss-color-function,2.0.1,MIT,Unknown
postcss-color-function,4.0.1,MIT,Unknown
postcss-color-gray,3.0.1,MIT,https://github.com/shinnn
postcss-color-gray,4.1.0,ISC,https://github.com/shinnn
postcss-color-hex-alpha,2.0.0,MIT,Unknown
postcss-color-hex-alpha,3.0.0,MIT,Unknown
postcss-color-hsl,1.0.5,MIT,https://github.com/dmarchena/postcss-color-hsl
postcss-color-hsl,2.0.0,MIT,https://github.com/dmarchena/postcss-color-hsl
postcss-color-hwb,2.0.1,MIT,Unknown
postcss-color-hwb,3.0.0,MIT,Unknown
postcss-color-rebeccapurple,2.0.1,MIT,Unknown
postcss-color-rebeccapurple,3.0.0,MIT,Unknown
postcss-color-rgb,1.1.4,MIT,https://github.com/dmarchena/postcss-color-rgb
postcss-color-rgb,2.0.0,MIT,https://github.com/dmarchena/postcss-color-rgb
postcss-color-rgba-fallback,2.2.0,MIT,Unknown
postcss-color-rgba-fallback,3.0.0,MIT,Unknown
postcss-colormin,2.2.2,MIT,https://github.com/ben-eb/postcss-colormin
postcss-convert-values,2.6.1,MIT,https://github.com/ben-eb/postcss-convert-values
postcss-cssnext,2.11.0,MIT,http://cssnext.io/
postcss-cssnext,3.1.0,MIT,http://cssnext.io/
postcss-custom-media,5.0.1,MIT,Unknown
postcss-custom-media,6.0.0,MIT,Unknown
postcss-custom-properties,5.0.2,MIT,Unknown
postcss-custom-properties,6.3.1,MIT,Unknown
postcss-custom-selectors,3.0.0,MIT,Unknown
postcss-custom-selectors,4.0.1,MIT,Unknown
postcss-discard-comments,2.0.4,MIT,https://github.com/ben-eb/postcss-discard-comments
postcss-discard-duplicates,2.1.0,MIT,https://github.com/ben-eb/postcss-discard-duplicates
postcss-discard-empty,2.1.0,MIT,https://github.com/ben-eb/postcss-discard-empty
postcss-discard-overridden,0.1.1,MIT,https://github.com/Justineo/postcss-discard-overridden
postcss-discard-unused,2.2.3,MIT,https://github.com/ben-eb/postcss-discard-unused
postcss-extend,1.0.5,MIT,https://github.com/travco/postcss-extend
postcss-filter-plugins,2.0.2,MIT,https://github.com/postcss/postcss-filter-plugins
postcss-font-family-system-ui,1.0.2,MIT,Unknown
postcss-font-family-system-ui,3.0.0,CC0-1.0,https://github.com/JLHwung/postcss-font-family-system-ui#readme
postcss-font-variant,2.0.1,MIT,Unknown
postcss-font-variant,3.0.0,MIT,Unknown
postcss-image-set-polyfill,0.3.5,MIT,Unknown
postcss-import,11.1.0,MIT,Unknown
postcss-initial,1.5.3,MIT,Unknown
postcss-initial,2.0.0,MIT,Unknown
postcss-load-config,1.2.0,MIT,https://github.com/michael-ciniawsky/postcss-load-config#readme
postcss-load-options,1.2.0,MIT,https://github.com/michael-ciniawsky/postcss-load-options#readme
postcss-load-plugins,2.3.0,MIT,https://github.com/michael-ciniawsky/postcss-load-plugins#readme
postcss-loader,2.1.0,MIT,https://github.com/postcss/postcss-loader#readme
postcss-media-minmax,2.1.2,MIT,https://github.com/postcss/postcss-media-minmax
postcss-media-minmax,3.0.0,MIT,Unknown
postcss-media-query-parser,0.2.3,MIT,https://github.com/dryoma/postcss-media-query-parser
postcss-merge-idents,2.1.7,MIT,https://github.com/ben-eb/postcss-merge-idents
postcss-merge-longhand,2.0.2,MIT,https://github.com/ben-eb/postcss-merge-longhand
postcss-merge-rules,2.1.2,MIT,https://github.com/ben-eb/postcss-merge-rules
postcss-message-helpers,2.0.0,MIT,Unknown
postcss-minify-font-values,1.0.5,MIT,https://github.com/TrySound/postcss-minify-font-values
postcss-minify-gradients,1.0.5,MIT,https://github.com/ben-eb/postcss-minify-gradients
postcss-minify-params,1.2.2,MIT,https://github.com/ben-eb/postcss-minify-params
postcss-minify-selectors,2.1.1,MIT,https://github.com/ben-eb/postcss-minify-selectors
postcss-mixins,2.1.1,MIT,Unknown
postcss-modules-extract-imports,1.2.0,ISC,https://github.com/css-modules/postcss-modules-extract-imports
postcss-modules-local-by-default,1.2.0,MIT,Unknown
postcss-modules-scope,1.1.0,ISC,https://github.com/css-modules/postcss-modules-scope
postcss-modules-values,1.3.0,ISC,https://github.com/css-modules/postcss-modules-values#readme
postcss-nested,1.0.1,MIT,Unknown
postcss-nesting,2.3.1,CC0-1.0,https://github.com/jonathantneal/postcss-nesting
postcss-nesting,4.2.1,CC0-1.0,https://github.com/jonathantneal/postcss-nesting#readme
postcss-normalize-charset,1.1.1,MIT,https://github.com/ben-eb/postcss-charset
postcss-normalize-url,3.0.8,MIT,https://github.com/ben-eb/postcss-normalize-url
postcss-ordered-values,2.2.3,MIT,https://github.com/ben-eb/postcss-ordered-values
postcss-partial-import,1.3.0,CC0-1.0,https://github.com/jonathantneal/postcss-partial-import
postcss-property-lookup,1.2.1,MIT,Unknown
postcss-pseudo-class-any-link,1.0.0,CC0-1.0,https://github.com/jonathantneal/postcss-pseudo-class-any-link
postcss-pseudo-class-any-link,4.0.0,CC0-1.0,https://github.com/jonathantneal/postcss-pseudo-class-any-link#readme
postcss-pseudoelements,3.0.0,MIT,https://github.com/axa-ch/postcss-pseudoelements
postcss-pseudoelements,5.0.0,MIT,https://github.com/axa-ch/postcss-pseudoelements
postcss-reduce-idents,2.4.0,MIT,https://github.com/ben-eb/postcss-reduce-idents
postcss-reduce-initial,1.0.1,MIT,https://github.com/ben-eb/postcss-reduce-initial
postcss-reduce-transforms,1.0.4,MIT,https://github.com/ben-eb/postcss-reduce-transforms
postcss-replace-overflow-wrap,1.0.0,MIT,https://github.com/MattDiMu/postcss-replace-overflow-wrap
postcss-replace-overflow-wrap,2.0.0,MIT,https://github.com/MattDiMu/postcss-replace-overflow-wrap
postcss-sass,0.2.0,MIT,https://github.com/AleshaOleg/postcss-sass
postcss-scss,1.0.3,MIT,Unknown
postcss-selector-matches,2.0.5,MIT,Unknown
postcss-selector-matches,3.0.1,MIT,Unknown
postcss-selector-not,2.0.0,MIT,Unknown
postcss-selector-not,3.0.1,MIT,Unknown
postcss-selector-parser,1.3.3,MIT,https://github.com/postcss/postcss-selector-parser
postcss-selector-parser,2.2.3,MIT,https://github.com/postcss/postcss-selector-parser
postcss-simple-vars,1.2.0,MIT,Unknown
postcss-smart-import,0.7.6,MIT,sebastian-software.de
postcss-svgo,2.1.6,MIT,https://github.com/ben-eb/postcss-svgo
postcss-unique-selectors,2.0.2,MIT,https://github.com/ben-eb/postcss-unique-selectors
postcss-value-parser,3.3.0,MIT,https://github.com/TrySound/postcss-value-parser
postcss-zindex,2.2.0,MIT,https://github.com/ben-eb/postcss-zindex
powerpack,0.1.1,MIT,https://github.com/bbatsov/powerpack
precss,1.4.0,CC0-1.0,https://github.com/jonathantneal/precss
prelude-ls,1.1.2,MIT,http://preludels.com/
prepend-http,1.0.4,MIT,sindresorhus.com
preserve,0.2.0,MIT,https://github.com/jonschlinkert/preserve
prettier,1.10.2,MIT,https://prettier.io/
private,0.1.8,MIT,http://github.com/benjamn/private
process,0.11.10,MIT,Unknown
process-nextick-args,1.0.7,MIT,https://github.com/calvinmetcalf/process-nextick-args
progress,1.1.8,MIT,Unknown
progress,2.0.0,MIT,Unknown
promise,7.3.1,MIT,Unknown
promise-each,2.2.0,MIT,Unknown
promise-inflight,1.0.1,ISC,https://github.com/iarna/promise-inflight#readme
promzard,0.3.0,ISC,http://blog.izs.me/
prop-types,15.6.0,MIT,https://facebook.github.io/react/
prop-types,15.6.1,MIT,https://facebook.github.io/react/
prop-types-extra,1.0.1,MIT,https://github.com/react-bootstrap/react-prop-types#readme
proto-list,1.2.4,ISC,http://blog.izs.me/
protoclass,0.0.6,BSD,Unknown
proxy-addr,2.0.2,MIT,Unknown
prr,1.0.1,MIT,https://github.com/rvagg/prr
pseudomap,1.0.2,ISC,https://github.com/isaacs/pseudomap#readme
public-encrypt,4.0.0,MIT,https://github.com/crypto-browserify/publicEncrypt
public_suffix,3.0.1,MIT,https://simonecarletti.com/code/publicsuffix-ruby
puma,3.9.1,New BSD,http://puma.io
pump,1.0.3,MIT,Unknown
pump,2.0.1,MIT,Unknown
pumpify,1.4.0,MIT,https://github.com/mafintosh/pumpify
punycode,1.3.2,MIT,https://mths.be/punycode
punycode,1.4.1,MIT,https://mths.be/punycode
q,0.9.7,MIT,https://github.com/kriskowal/q
q,1.5.1,MIT,https://github.com/kriskowal/q
qjobs,1.1.5,MIT,Unknown
qs,0.6.6,MIT,http://tjholowaychuk.com
qs,6.3.2,New BSD,https://github.com/ljharb/qs
qs,6.4.0,New BSD,https://github.com/ljharb/qs
qs,6.5.1,New BSD,https://github.com/ljharb/qs
query-string,4.3.4,MIT,sindresorhus.com
querystring,0.2.0,MIT,Unknown
querystring-es3,0.2.1,MIT,Unknown
querystringify,0.0.4,MIT,https://github.com/unshiftio/querystringify
querystringify,1.0.0,MIT,https://github.com/unshiftio/querystringify
rack,2.0.4,MIT,https://rack.github.io/
rack-cache,1.7.1,MIT,https://github.com/rtomayko/rack-cache
rack-proxy,0.6.3,MIT,http://rubygems.org/gems/rack-proxy
rack-test,1.0.0,MIT,http://github.com/rack-test/rack-test
raf,3.4.0,MIT,Unknown
railroad-diagrams,1.0.0,CC0-1.0,https://github.com/tabatkins/railroad-diagrams
rails,5.1.6,MIT,http://rubyonrails.org
rails-controller-testing,1.0.2,MIT,https://github.com/rails/rails-controller-testing
rails-dom-testing,2.0.3,MIT,https://github.com/rails/rails-dom-testing
rails-erb-loader,5.2.1,MIT,https://github.com/usabilityhub/rails-erb-loader#readme
rails-html-sanitizer,1.0.4,MIT,https://github.com/rails/rails-html-sanitizer
railties,5.1.6,MIT,http://rubyonrails.org
rainbow,2.2.2,MIT,https://github.com/sickill/rainbow
rake,12.3.1,MIT,https://github.com/ruby/rake
randexp,0.4.6,MIT,http://fent.github.io/randexp.js/
randomatic,1.1.7,MIT,https://github.com/jonschlinkert/randomatic
randombytes,2.0.6,MIT,https://github.com/crypto-browserify/randombytes
randomfill,1.0.3,MIT,https://github.com/crypto-browserify/randombytes
range-parser,0.0.4,Unknown,http://tjholowaychuk.com
range-parser,1.2.0,MIT,http://tjholowaychuk.com
raw-body,1.1.2,MIT,http://jongleberry.com
raw-body,2.3.2,MIT,http://jongleberry.com
rb-fsevent,0.9.8,MIT,http://rubygems.org/gems/rb-fsevent
rb-inotify,0.9.10,MIT,https://github.com/guard/rb-inotify
rc,1.2.5,(BSD-2-Clause OR MIT OR Apache-2.0),dominictarr.com
react,15.6.2,MIT,https://facebook.github.io/react/
react,16.2.0,MIT,https://reactjs.org/
react-autosuggest,9.3.3,MIT,Unknown
react-autowhatever,10.1.0,MIT,Unknown
react-collapsible,2.0.4,MIT,Unknown
react-component-managers,3.0.2,MIT,http:
react-currency-input,1.3.4,MIT,https://github.com/jsillitoe/react-currency-input#readme
react-datetime,2.12.0,MIT,https://github.com/YouCanBookMe/react-datetime
react-dom,15.6.2,MIT,https://facebook.github.io/react/
react-dom,16.2.0,MIT,https://reactjs.org/
react-input-autosize,2.2.1,MIT,Unknown
react-maskedinput,4.0.1,MIT,https://github.com/insin/react-maskedinput
react-onclickoutside,6.7.1,MIT,https://github.com/Pomax/react-onclickoutside
react-overlays,0.8.3,MIT,Unknown
react-prop-types,0.4.0,MIT,https://github.com/react-bootstrap/react-prop-types#readme
react-rails,2.2.0,Apache 2.0,https://github.com/reactjs/react-rails
react-reconciler,0.7.0,MIT,https://facebook.github.io/react/
react-redux,5.0.6,MIT,https://github.com/gaearon/react-redux
react-router,3.2.0,MIT,https://github.com/ReactTraining/react-router#readme
react-select,1.2.1,MIT,Unknown
react-test-renderer,16.2.0,MIT,https://reactjs.org/
react-themeable,1.1.0,MIT,https://github.com/markdalgleish/react-themeable#readme
react-transition-group,2.2.1,New BSD,https://github.com/reactjs/react-transition-group#readme
react-waypoint,8.0.0,MIT,https://github.com/brigade/react-waypoint
react-widgets,4.1.0,MIT,http://jquense.github.io/react-widgets/docs/
react-widgets-moment,4.0.6,MIT,https://github.com/jquense/react-widgets#readme
react-wood-duck,0.1.53,AGPL-3.0,https://github.com/ca-cwds/react-wood-duck
react_ujs,2.4.3,Apache 2.0,Unknown
read,1.0.7,ISC,http://blog.izs.me/
read-cache,1.0.0,MIT,https://github.com/TrySound/read-cache#readme
read-cmd-shim,1.0.1,ISC,https://github.com/npm/read-cmd-shim#readme
read-installed,4.0.3,ISC,http://blog.izs.me/
read-package-json,2.0.12,ISC,http://blog.izs.me/
read-package-tree,5.1.6,ISC,https://github.com/npm/read-package-tree
read-pkg,1.1.0,MIT,sindresorhus.com
read-pkg,2.0.0,MIT,sindresorhus.com
read-pkg-up,1.0.1,MIT,sindresorhus.com
read-pkg-up,2.0.0,MIT,sindresorhus.com
readable-stream,1.0.34,MIT,http://blog.izs.me/
readable-stream,1.1.14,MIT,http://blog.izs.me/
readable-stream,2.2.11,MIT,Unknown
readable-stream,2.3.3,MIT,Unknown
readdir-scoped-modules,1.0.2,ISC,https://github.com/npm/readdir-scoped-modules
readdirp,2.1.0,MIT,https://github.com/thlorenz/readdirp
readline2,1.0.1,MIT,Unknown
realize-package-specifier,3.0.3,ISC,https://github.com/npm/realize-package-specifier
rechoir,0.6.2,MIT,https://github.com/tkellen/node-rechoir
recompose,0.26.0,MIT,https://github.com/acdlite/recompose
redent,1.0.0,MIT,sindresorhus.com
redis,3.3.5,MIT,https://github.com/redis/redis-rb
redis-actionpack,5.0.2,MIT,http://redis-store.org/redis-actionpack
redis-activesupport,5.0.4,MIT,http://redis-store.org/redis-activesupport
redis-namespace,1.5.3,MIT,http://github.com/resque/redis-namespace
redis-rack,2.0.3,MIT,http://redis-store.org/redis-rack
redis-rack-cache,2.0.2,MIT,http://redis-store.org/redis-rack-cache
redis-rails,5.0.2,MIT,http://redis-store.org/redis-rails
redis-store,1.4.1,MIT,http://redis-store.org/redis-store
reduce-css-calc,1.3.0,MIT,Unknown
reduce-css-calc,2.1.4,MIT,Unknown
reduce-function-call,1.0.2,MIT,Unknown
redux,3.7.2,MIT,http://redux.js.org/
regenerate,1.3.3,MIT,https://mths.be/regenerate
regenerator-runtime,0.10.5,MIT,Unknown
regenerator-runtime,0.11.1,MIT,Unknown
regenerator-transform,0.10.1,BSD,Unknown
regex-cache,0.4.4,MIT,https://github.com/jonschlinkert/regex-cache
regex-not,1.0.0,MIT,https://github.com/jonschlinkert/regex-not
regex-parser,2.2.8,MIT,https://github.com/IonicaBizau/regex-parser.js
regexpu-core,1.0.0,MIT,https://mths.be/regexpu
regexpu-core,2.0.0,MIT,https://mths.be/regexpu
registry-auth-token,3.3.2,MIT,https://github.com/rexxars/registry-auth-token#readme
registry-url,3.1.0,MIT,sindresorhus.com
regjsgen,0.2.0,MIT,https://github.com/d10/regjsgen
regjsparser,0.1.5,Simplified BSD,https://github.com/jviereck/regjsparser
remove-trailing-separator,1.1.0,ISC,https://github.com/darsain/remove-trailing-separator#readme
repeat-element,1.1.2,MIT,https://github.com/jonschlinkert/repeat-element
repeat-string,0.2.2,MIT,https://github.com/jonschlinkert/repeat-string
repeat-string,1.6.1,MIT,https://github.com/jonschlinkert/repeat-string
repeating,2.0.1,MIT,sindresorhus.com
request,2.79.0,Apache 2.0,Unknown
request,2.81.0,Apache 2.0,Unknown
request,2.83.0,Apache 2.0,Unknown
require-directory,2.1.1,MIT,https://github.com/troygoode/node-require-directory/
require-from-string,1.2.1,MIT,github.com/floatdrop
require-main-filename,1.0.1,ISC,https://github.com/yargs/require-main-filename#readme
require-uncached,1.0.3,MIT,sindresorhus.com
requires-port,0.0.1,MIT,https://github.com/unshiftio/requires-port
requires-port,1.0.0,MIT,https://github.com/unshiftio/requires-port
resolve,1.1.7,MIT,http://substack.net
resolve,1.5.0,MIT,http://substack.net
resolve-cwd,2.0.0,MIT,sindresorhus.com
resolve-from,1.0.1,MIT,sindresorhus.com
resolve-from,3.0.0,MIT,sindresorhus.com
resolve-url,0.2.1,MIT,Unknown
resolve-url-loader,2.2.1,MIT,https://github.com/bholloway/resolve-url-loader
resolver,0.1.12,BSD,http://github.com/andris9/resolver
responders,2.4.0,MIT,http://github.com/plataformatec/responders
restore-cursor,1.0.1,MIT,http://sindresorhus.com
restore-cursor,2.0.0,MIT,sindresorhus.com
ret,0.1.15,MIT,https://github.com/fent
retry,0.10.1,MIT,https://github.com/tim-kos/node-retry
rework,1.0.1,MIT,Unknown
rework-visit,1.0.0,MIT,Unknown
rgb,0.1.0,MIT (http://mootools.net/license.txt),http://mad4milk.net
rgb-hex,1.0.0,MIT,http://sindresorhus.com
rgb-hex,2.1.0,MIT,sindresorhus.com
right-align,0.1.3,MIT,https://github.com/jonschlinkert/right-align
rimraf,2.6.2,ISC,http://blog.izs.me/
ripemd160,2.0.1,MIT,Unknown
rspec,3.7.0,MIT,http://github.com/rspec
rspec-core,3.7.1,MIT,https://github.com/rspec/rspec-core
rspec-expectations,3.7.0,MIT,https://github.com/rspec/rspec-expectations
rspec-mocks,3.7.0,MIT,https://github.com/rspec/rspec-mocks
rspec-rails,3.7.2,MIT,https://github.com/rspec/rspec-rails
rspec-support,3.7.1,MIT,https://github.com/rspec/rspec-support
rst-selector-parser,2.2.3,New BSD,http://gajus.com
rubocop,0.48.1,MIT,http://github.com/bbatsov/rubocop
ruby-progressbar,1.8.1,MIT,https://github.com/jfelchner/ruby-progressbar
ruby_dep,1.5.0,MIT,https://github.com/e2/ruby_dep
rubyzip,1.2.1,Simplified BSD,http://github.com/rubyzip/rubyzip
run-async,0.1.0,MIT,https://github.com/SBoudrias/run-async
run-async,2.3.0,MIT,Unknown
run-parallel,1.1.6,MIT,https://github.com/feross/run-parallel
run-queue,1.0.3,ISC,https://npmjs.com/package/run-queue
rx-lite,3.1.2,Apache 2.0,https://github.com/Reactive-Extensions/RxJS
rx-lite,4.0.8,Apache 2.0,https://github.com/Reactive-Extensions/RxJS
rx-lite-aggregates,4.0.8,Apache 2.0,https://github.com/Reactive-Extensions/RxJS
safe-buffer,5.0.1,MIT,https://github.com/feross/safe-buffer
safe-buffer,5.1.1,MIT,https://github.com/feross/safe-buffer
safe_yaml,1.0.4,MIT,https://github.com/dtao/safe_yaml
samsam,1.3.0,New BSD,http://docs.busterjs.org/en/latest/modules/samsam/
sass,3.4.24,MIT,http://sass-lang.com/
sass-graph,2.2.4,MIT,Unknown
sass-loader,6.0.6,MIT,https://github.com/webpack-contrib/sass-loader
sass-rails,6.0.0.beta1,MIT,https://github.com/rails/sass-rails
sax,1.2.4,ISC,http://blog.izs.me/
schema-utils,0.3.0,MIT,https://github.com/webpack-contrib/schema-utils#readme
schema-utils,0.4.3,MIT,https://github.com/webpack-contrib/schema-utils#readme
schema-utils,0.4.5,MIT,https://github.com/webpack-contrib/schema-utils
scss-tokenizer,0.2.3,MIT,https://github.com/sasstools/scss-tokenizer
section-iterator,2.0.0,MIT,Unknown
select-hose,2.0.0,MIT,https://github.com/indutny/select-hose#readme
selenium-webdriver,3.4.3,Apache,https://github.com/seleniumhq/selenium
selfsigned,1.10.2,MIT,http://joseoncode.com
semver,4.3.6,ISC,Unknown
semver,5.3.0,ISC,Unknown
semver,5.5.0,ISC,Unknown
semver-diff,2.1.0,MIT,http://sindresorhus.com
send,0.1.4,MIT,Unknown
send,0.16.1,MIT,Unknown
serialize-javascript,1.4.0,New BSD,https://github.com/yahoo/serialize-javascript
serve-index,1.9.1,MIT,Unknown
serve-static,1.13.1,MIT,Unknown
set-blocking,2.0.0,ISC,https://github.com/yargs/set-blocking#readme
set-getter,0.1.0,MIT,https://github.com/doowb/set-getter
set-immediate-shim,1.0.1,MIT,sindresorhus.com
set-value,0.4.3,MIT,https://github.com/jonschlinkert/set-value
set-value,2.0.0,MIT,https://github.com/jonschlinkert/set-value
setimmediate,1.0.5,MIT,Unknown
setprototypeof,1.0.3,ISC,https://github.com/wesleytodd/setprototypeof
setprototypeof,1.1.0,ISC,https://github.com/wesleytodd/setprototypeof
sha,2.0.1,(BSD-2-Clause OR MIT),Unknown
sha.js,2.4.10,MIT,https://github.com/crypto-browserify/sha.js
shallow-clone,0.1.2,MIT,https://github.com/jonschlinkert/shallow-clone
shallow-equal,1.0.0,MIT,Unknown
shebang-command,1.2.0,MIT,github.com/kevva
shebang-regex,1.0.0,MIT,sindresorhus.com
shell-quote,1.4.3,MIT,http://substack.net
shelljs,0.7.8,New BSD,http://github.com/shelljs/shelljs
signal-exit,3.0.2,ISC,https://github.com/tapjs/signal-exit
simple-swizzle,0.2.2,MIT,http://github.com/qix-
simplecov,0.13.0,MIT,http://github.com/colszowka/simplecov
simplecov-html,0.10.2,MIT,https://github.com/colszowka/simplecov-html
sinon,2.4.1,New BSD,http://sinonjs.org/
slash,1.0.0,MIT,http://sindresorhus.com
slice-ansi,0.0.4,MIT,Unknown
slice-ansi,1.0.0,MIT,Unknown
slide,1.1.6,ISC,http://blog.izs.me/
snapdragon,0.8.1,MIT,https://github.com/jonschlinkert/snapdragon
snapdragon-node,2.1.1,MIT,https://github.com/jonschlinkert/snapdragon-node
snapdragon-util,3.0.1,MIT,https://github.com/jonschlinkert/snapdragon-util
sntp,1.0.9,SEE LICENSE IN LICENSE,http://hueniverse.com
sntp,2.1.0,New BSD,http://hueniverse.com
socket.io,1.7.3,MIT,Unknown
socket.io-adapter,0.5.0,MIT,Unknown
socket.io-client,1.7.3,MIT,Unknown
socket.io-parser,2.3.1,MIT,Unknown
sockjs,0.3.19,MIT,https://github.com/sockjs/sockjs-node
sockjs-client,1.1.4,MIT,http://sockjs.org/
sort-keys,1.1.2,MIT,sindresorhus.com
sorted-object,2.0.1,(WTFPL OR MIT),https://domenic.me/
sorted-union-stream,2.1.3,MIT,https://github.com/mafintosh/sorted-union-stream
source-list-map,0.1.8,MIT,https://github.com/webpack/source-list-map
source-list-map,2.0.0,MIT,https://github.com/webpack/source-list-map
source-map,0.1.43,New BSD,https://github.com/mozilla/source-map
source-map,0.2.0,New BSD,https://github.com/mozilla/source-map
source-map,0.4.4,New BSD,https://github.com/mozilla/source-map
source-map,0.5.7,New BSD,https://github.com/mozilla/source-map
source-map,0.6.1,New BSD,https://github.com/mozilla/source-map
source-map-resolve,0.3.1,MIT,Unknown
source-map-resolve,0.5.1,MIT,Unknown
source-map-support,0.4.18,MIT,Unknown
source-map-url,0.3.0,MIT,Unknown
source-map-url,0.4.0,MIT,Unknown
spdx-correct,1.0.2,Apache 2.0,https://kemitchell.com
spdx-expression-parse,1.0.4,(MIT AND CC-BY-3.0),http://kemitchell.com
spdx-license-ids,1.2.2,Unlicense,https://github.com/shinnn
spdy,3.4.7,MIT,https://github.com/indutny/node-spdy
spdy-transport,2.0.20,MIT,https://github.com/spdy-http2/spdy-transport
split-string,3.1.0,MIT,https://github.com/jonschlinkert/split-string
spring,2.0.2,MIT,https://github.com/rails/spring
spring-watcher-listen,2.0.1,MIT,https://github.com/jonleighton/spring-watcher-listen
sprintf-js,1.0.3,New BSD,http://alexei.ro/
sprockets,4.0.0.beta7,MIT,https://github.com/rails/sprockets
sprockets-rails,3.2.1,MIT,https://github.com/rails/sprockets-rails
spy-on-component,1.0.2,MIT,https://github.com/jquense/spy-on-component#readme
sshpk,1.13.1,MIT,https://github.com/arekinath/node-sshpk#readme
ssri,5.2.4,ISC,Unknown
standard,10.0.3,MIT,https://standardjs.com/
standard-engine,7.0.0,MIT,https://github.com/flet/standard-engine
static-extend,0.1.2,MIT,https://github.com/jonschlinkert/static-extend
statuses,1.3.1,MIT,Unknown
statuses,1.4.0,MIT,Unknown
stdout-stream,1.4.0,MIT,Unknown
stream-browserify,2.0.1,MIT,https://github.com/substack/stream-browserify
stream-counter,0.2.0,BSD,Unknown
stream-each,1.2.2,MIT,https://github.com/mafintosh/stream-each
stream-http,2.8.0,MIT,https://github.com/jhiesey/stream-http#readme
stream-iterate,1.2.0,MIT,https://github.com/mafintosh/stream-iterate
stream-shift,1.0.0,MIT,https://github.com/mafintosh/stream-shift
strict-uri-encode,1.1.0,MIT,github.com/kevva
string-hash,1.1.3,CC0-1.0,Unknown
string-width,1.0.2,MIT,sindresorhus.com
string-width,2.1.1,MIT,sindresorhus.com
string_decoder,0.10.31,MIT,https://github.com/rvagg/string_decoder
string_decoder,1.0.3,MIT,https://github.com/rvagg/string_decoder
stringstream,0.0.5,MIT,http://github.com/mhart
strip-ansi,3.0.1,MIT,sindresorhus.com
strip-ansi,4.0.0,MIT,sindresorhus.com
strip-bom,2.0.0,MIT,sindresorhus.com
strip-bom,3.0.0,MIT,sindresorhus.com
strip-eof,1.0.0,MIT,sindresorhus.com
strip-indent,1.0.1,MIT,http://sindresorhus.com
strip-json-comments,2.0.1,MIT,sindresorhus.com
style-loader,0.20.2,MIT,https://github.com/webpack-contrib/style-loader#readme
sugarss,1.0.1,MIT,Unknown
supports-color,2.0.0,MIT,sindresorhus.com
supports-color,3.2.3,MIT,sindresorhus.com
supports-color,4.5.0,MIT,sindresorhus.com
supports-color,5.1.0,MIT,sindresorhus.com
supports-color,5.2.0,MIT,sindresorhus.com
svgo,0.7.2,MIT,https://github.com/svg/svgo
symbol-observable,1.2.0,MIT,Unknown
table,3.8.3,New BSD,http://gajus.com
table,4.0.2,New BSD,http://gajus.com
tapable,0.2.8,MIT,https://github.com/webpack/tapable
tar,2.2.1,ISC,http://blog.izs.me/
tar-pack,3.4.1,Simplified BSD,Unknown
tcomb,2.7.0,MIT,https://github.com/gcanti/tcomb
term-size,1.2.0,MIT,sindresorhus.com
text-encoding,0.6.4,Unlicense,https://github.com/inexorabletash/text-encoding
text-table,0.2.0,MIT,https://github.com/substack/text-table
thor,0.19.4,MIT,http://whatisthor.com/
thread_safe,0.3.6,Apache 2.0,https://github.com/ruby-concurrency/thread_safe
through,2.3.8,MIT,https://github.com/dominictarr/through
through2,2.0.3,MIT,https://github.com/rvagg
thunky,1.0.2,MIT,https://github.com/mafintosh/thunky#readme
tilt,2.0.7,MIT,http://github.com/rtomayko/tilt/
time-stamp,2.0.0,MIT,https://github.com/jonschlinkert/time-stamp
timed-out,4.0.1,MIT,Unknown
timers-browserify,2.0.6,MIT,https://github.com/jryans/timers-browserify
tmp,0.0.31,MIT,http://github.com/raszi/node-tmp
tmp,0.0.33,MIT,http://github.com/raszi/node-tmp
to-array,0.1.4,MIT,https://github.com/Raynos/to-array
to-arraybuffer,1.0.1,MIT,https://github.com/jhiesey/to-arraybuffer#readme
to-fast-properties,1.0.3,MIT,sindresorhus.com
to-object-path,0.3.0,MIT,https://github.com/jonschlinkert/to-object-path
to-regex,3.0.1,MIT,https://github.com/jonschlinkert/to-regex
to-regex-range,2.1.1,MIT,https://github.com/micromatch/to-regex-range
toarray,0.0.1,BSD,Unknown
tough-cookie,2.3.3,New BSD,https://github.com/salesforce/tough-cookie
transpec,3.3.0,MIT,http://yujinakayama.me/transpec/
trim-newlines,1.0.0,MIT,sindresorhus.com
trim-right,1.0.1,MIT,sindresorhus.com
true-case-path,1.0.2,Apache version 2.0,https://github.com/barsh/true-case-path#readme
tty-browserify,0.0.0,MIT,https://github.com/substack/tty-browserify
tunnel-agent,0.4.3,Apache 2.0,http://www.futurealoof.com
tunnel-agent,0.6.0,Apache 2.0,http://www.futurealoof.com
tweetnacl,0.14.5,Unlicense,https://tweetnacl.js.org/
type-check,0.3.2,MIT,https://github.com/gkz/type-check
type-component,0.0.1,MIT*,Unknown
type-detect,4.0.8,MIT,http://alogicalparadox.com
type-is,1.6.15,MIT,Unknown
typedarray,0.0.6,MIT,https://github.com/substack/typedarray
tzinfo,1.2.5,MIT,http://tzinfo.github.io
ua-parser-js,0.7.17,(GPL-2.0 OR MIT),http://github.com/faisalman/ua-parser-js
uglifier,3.2.0,MIT,http://github.com/lautis/uglifier
uglify-es,3.3.9,Simplified BSD,https://github.com/mishoo/UglifyJS2/tree/harmony
uglify-js,2.8.29,Simplified BSD,http://lisperator.net/uglifyjs
uglify-to-browserify,1.0.2,MIT,Unknown
uglifyjs-webpack-plugin,0.4.6,MIT,https://github.com/webpack-contrib/uglifyjs-webpack-plugin
uglifyjs-webpack-plugin,1.2.2,MIT,https://github.com/webpack-contrib/uglifyjs-webpack-plugin
uid-number,0.0.6,ISC,http://blog.izs.me/
uid2,0.0.3,MIT,Unknown
ultron,1.0.2,MIT,https://github.com/unshiftio/ultron
umask,1.1.0,MIT,https://github.com/smikes/umask
uncontrollable,4.1.0,MIT,Unknown
underscore,1.4.4,MIT,http://underscorejs.org/
unicode-display_width,1.3.0,MIT,http://github.com/janlelis/unicode-display_width
union-value,1.0.0,MIT,https://github.com/jonschlinkert/union-value
uniq,1.0.1,MIT,Unknown
uniqid,4.1.1,MIT,http://github.com/adamhalasz/diet-uniqid/
uniqs,2.0.0,MIT,Unknown
unique-filename,1.1.0,ISC,https://github.com/iarna/unique-filename
unique-slug,2.0.0,ISC,http://re-becca.org
unique-string,1.0.0,MIT,sindresorhus.com
units-css,0.4.0,MIT,https://github.com/alexdunphy/units
unpipe,1.0.0,MIT,Unknown
unset-value,1.0.0,MIT,https://github.com/jonschlinkert/unset-value
unzip-response,2.0.1,MIT,Unknown
update-notifier,2.1.0,Simplified BSD,sindresorhus.com
urix,0.1.0,MIT,Unknown
url,0.11.0,MIT,Unknown
url-loader,0.5.9,MIT,Unknown
url-parse,1.0.5,MIT,Unknown
url-parse,1.2.0,MIT,Unknown
url-parse-lax,1.0.0,MIT,sindresorhus.com
use,2.0.2,MIT,https://github.com/jonschlinkert/use
user-home,2.0.0,MIT,sindresorhus.com
useragent,2.3.0,MIT,Unknown
util,0.10.3,MIT,https://github.com/defunctzombie/node-util
util-deprecate,1.0.2,MIT,https://github.com/TooTallNate/util-deprecate
util-extend,1.0.3,MIT,Unknown
utils-merge,1.0.1,MIT,http://www.jaredhanson.net/
uuid,3.0.1,MIT,Unknown
uuid,3.2.1,MIT,Unknown
validate-npm-package-license,3.0.1,Apache 2.0,https://kemitchell.com
validate-npm-package-name,3.0.0,ISC,https://github.com/npm/validate-npm-package-name
vary,1.1.2,MIT,Unknown
vcr,3.0.3,MIT,http://vcr.github.io/vcr
vendors,1.0.1,MIT,http://wooorm.com
verror,1.10.0,MIT,Unknown
viewport-dimensions,0.2.0,MIT,https://github.com/alexdunphy/viewport
vm-browserify,0.0.4,MIT,http://substack.net
void-elements,2.0.1,MIT,https://github.com/hemanth/void-elements
warning,2.1.0,Simplified BSD,https://github.com/r3dm/warning
warning,3.0.0,New BSD,https://github.com/BerkeleyTrue/warning
watchpack,1.4.0,MIT,https://github.com/webpack/watchpack
wbuf,1.7.2,MIT,https://github.com/indutny/wbuf
wcwidth,1.0.1,MIT,https://github.com/timoxley/wcwidth#readme
web-console,3.5.1,MIT,https://github.com/rails/web-console
webmock,3.0.1,MIT,http://github.com/bblimke/webmock
webpack,3.11.0,MIT,https://github.com/webpack/webpack
webpack-dev-middleware,1.12.2,MIT,http://github.com/webpack/webpack-dev-middleware
webpack-dev-server,2.11.1,MIT,https://github.com/webpack/webpack-dev-server
webpack-manifest-plugin,1.3.2,MIT,https://github.com/danethurber/webpack-manifest-plugin
webpack-merge,4.1.1,MIT,https://github.com/survivejs/webpack-merge
webpack-sources,0.1.5,MIT,https://github.com/webpack/webpack-sources#readme
webpack-sources,1.1.0,MIT,https://github.com/webpack/webpack-sources#readme
webpacker,3.2.2,MIT,https://github.com/rails/webpacker
websocket-driver,0.6.5,MIT,http://github.com/faye/websocket-driver-ruby
websocket-driver,0.7.0,MIT,https://github.com/faye/websocket-driver-node
websocket-extensions,0.1.3,MIT,https://github.com/faye/websocket-extensions-ruby
whatwg-fetch,2.0.3,MIT,Unknown
whet.extend,0.9.9,MIT,Unknown
which,1.2.14,ISC,http://blog.izs.me
which,1.3.0,ISC,http://blog.izs.me
which-module,1.0.0,ISC,https://github.com/nexdrew/which-module#readme
which-module,2.0.0,ISC,https://github.com/nexdrew/which-module#readme
wide-align,1.1.2,ISC,http://re-becca.org/
widest-line,2.0.0,MIT,sindresorhus.com
window-size,0.1.0,MIT,https://github.com/jonschlinkert/window-size
wordwrap,0.0.2,MIT,http://substack.net
wordwrap,0.0.3,MIT,http://substack.net
wordwrap,1.0.0,MIT,http://substack.net
worker-farm,1.5.2,MIT,https://github.com/rvagg/node-worker-farm
wrap-ansi,2.1.0,MIT,sindresorhus.com
wrappy,1.0.2,ISC,https://github.com/npm/wrappy
write,0.2.1,MIT,https://github.com/jonschlinkert/write
write-file-atomic,1.3.4,ISC,https://github.com/iarna/write-file-atomic
write-file-atomic,2.3.0,ISC,https://github.com/iarna/write-file-atomic
ws,1.1.2,MIT,http://2x.io
wtf-8,1.0.0,MIT,https://mths.be/wtf8
xdg-basedir,3.0.0,MIT,sindresorhus.com
xmlbuilder,3.1.0,MIT,http://github.com/oozcitak/xmlbuilder-js
xmlhttprequest-ssl,1.5.3,MIT,Unknown
xpath,3.0.0,MIT,https://github.com/teamcapybara/xpath
xtend,4.0.1,MIT,https://github.com/Raynos/xtend
y18n,3.2.1,ISC,https://github.com/yargs/y18n
y18n,4.0.0,ISC,https://github.com/yargs/y18n
yallist,2.1.2,ISC,http://blog.izs.me/
yargs,3.10.0,MIT,http://CodeTunnel.com
yargs,6.6.0,MIT,http://yargs.js.org/
yargs,7.1.0,MIT,http://yargs.js.org/
yargs,8.0.2,MIT,http://yargs.js.org/
yargs-parser,4.2.1,ISC,Unknown
yargs-parser,5.0.0,ISC,Unknown
yargs-parser,7.0.0,ISC,Unknown
yeast,0.1.2,MIT,https://github.com/unshiftio/yeast
